timestamp,symbol,open,high,low,price,volume,latest_trading_day,previous_close,change,change_percent
2025-02-12T06:07:20.563797,AAPL,228.2,235.23,228.13,232.62,53718362,2025-02-11,227.65,4.97,2.1832%
2025-02-12T06:07:20.625287,MSFT,409.64,412.49,409.3,411.44,18140592,2025-02-11,412.22,-0.78,-0.1892%
2025-02-12T06:07:20.688701,GOOG,186.835,188.8,186.08,187.07,13028100,2025-02-11,188.2,-1.13,-0.6004%
2025-02-12T06:07:20.752411,NVDA,132.58,134.48,131.02,132.8,178902379,2025-02-11,133.57,-0.77,-0.5765%
2025-02-12T06:07:20.809637,IBM,251.1,256.75,250.58,254.7,4801550,2025-02-11,249.27,5.43,2.1784%
2025-02-12T06:07:20.864810,TSLA,345.8,349.37,325.1,328.5,116725895,2025-02-11,350.73,-22.23,-6.3382%
2025-02-12T06:07:20.926898,AMZN,231.92,233.44,230.13,232.76,23713726,2025-02-11,233.14,-0.38,-0.1630%
2025-02-12T06:07:21.046149,META,713.32,723.66,710.04,719.8,12997959,2025-02-11,717.4,2.4,0.3345%
2025-02-12T06:07:21.126804,ORCL,177.62,179.12,176.45,177.19,6528766,2025-02-11,178.92,-1.73,-0.9669%
2025-02-12T06:07:21.194019,KO,67.5,67.67,66.41,67.6,30589148,2025-02-11,64.55,3.05,4.7250%
2025-02-12T06:24:37.724647,AAPL,228.2,235.23,228.13,232.62,53718362,2025-02-11,227.65,4.97,2.1832%
2025-02-12T06:24:37.968420,MSFT,409.64,412.49,409.3,411.44,18140592,2025-02-11,412.22,-0.78,-0.1892%
2025-02-12T06:24:38.096579,GOOG,186.835,188.8,186.08,187.07,13028100,2025-02-11,188.2,-1.13,-0.6004%
2025-02-12T06:24:38.232446,NVDA,132.58,134.48,131.02,132.8,178902379,2025-02-11,133.57,-0.77,-0.5765%
2025-02-12T06:24:38.351079,IBM,251.1,256.75,250.58,254.7,4801550,2025-02-11,249.27,5.43,2.1784%
2025-02-12T06:24:38.476370,TSLA,345.8,349.37,325.1,328.5,116725895,2025-02-11,350.73,-22.23,-6.3382%
2025-02-12T06:24:38.578404,AMZN,231.92,233.44,230.13,232.76,23713726,2025-02-11,233.14,-0.38,-0.1630%
2025-02-12T06:24:38.709979,META,713.32,723.66,710.04,719.8,12997959,2025-02-11,717.4,2.4,0.3345%
2025-02-12T06:24:38.840685,ORCL,177.62,179.12,176.45,177.19,6528766,2025-02-11,178.92,-1.73,-0.9669%
2025-02-12T06:24:38.952856,KO,67.5,67.67,66.41,67.6,30589148,2025-02-11,64.55,3.05,4.7250%
2025-02-12T07:16:03.752557,AAPL,228.2,235.23,228.13,232.62,53718362,2025-02-11,227.65,4.97,2.1832%
2025-02-12T07:16:03.809220,MSFT,409.64,412.49,409.3,411.44,18140592,2025-02-11,412.22,-0.78,-0.1892%
2025-02-12T07:16:03.859380,GOOG,186.835,188.8,186.08,187.07,13028100,2025-02-11,188.2,-1.13,-0.6004%
2025-02-12T07:16:03.915941,NVDA,132.58,134.48,131.02,132.8,178902379,2025-02-11,133.57,-0.77,-0.5765%
2025-02-12T07:16:03.966284,IBM,251.1,256.75,250.58,254.7,4801550,2025-02-11,249.27,5.43,2.1784%
2025-02-12T07:16:04.025076,TSLA,345.8,349.37,325.1,328.5,116725895,2025-02-11,350.73,-22.23,-6.3382%
2025-02-12T07:16:04.075588,AMZN,231.92,233.44,230.13,232.76,23713726,2025-02-11,233.14,-0.38,-0.1630%
2025-02-12T07:16:04.136548,META,713.32,723.66,710.04,719.8,12997959,2025-02-11,717.4,2.4,0.3345%
2025-02-12T07:16:04.225205,ORCL,177.62,179.12,176.45,177.19,6528766,2025-02-11,178.92,-1.73,-0.9669%
2025-02-12T07:16:04.273446,KO,67.5,67.67,66.41,67.6,30589148,2025-02-11,64.55,3.05,4.7250%
2025-02-12T08:22:25.433917,AAPL,228.2,235.23,228.13,232.62,53718362,2025-02-11,227.65,4.97,2.1832%
2025-02-12T08:22:25.540243,MSFT,409.64,412.49,409.3,411.44,18140592,2025-02-11,412.22,-0.78,-0.1892%
2025-02-12T08:22:25.647832,GOOG,186.835,188.8,186.08,187.07,13028100,2025-02-11,188.2,-1.13,-0.6004%
2025-02-12T08:22:25.748535,NVDA,132.58,134.48,131.02,132.8,178902379,2025-02-11,133.57,-0.77,-0.5765%
2025-02-12T08:22:25.847478,IBM,251.1,256.75,250.58,254.7,4801550,2025-02-11,249.27,5.43,2.1784%
2025-02-12T08:22:25.942803,TSLA,345.8,349.37,325.1,328.5,116725895,2025-02-11,350.73,-22.23,-6.3382%
2025-02-12T08:22:26.066383,AMZN,231.92,233.44,230.13,232.76,23713726,2025-02-11,233.14,-0.38,-0.1630%
2025-02-12T08:22:26.165925,META,713.32,723.66,710.04,719.8,12997959,2025-02-11,717.4,2.4,0.3345%
2025-02-12T08:22:26.273558,ORCL,177.62,179.12,176.45,177.19,6528766,2025-02-11,178.92,-1.73,-0.9669%
2025-02-12T08:22:26.372077,KO,67.5,67.67,66.41,67.6,30589148,2025-02-11,64.55,3.05,4.7250%
2025-02-12T09:18:16.692263,AAPL,228.2,235.23,228.13,232.62,53718362,2025-02-11,227.65,4.97,2.1832%
2025-02-12T09:18:16.730349,MSFT,409.64,412.49,409.3,411.44,18140592,2025-02-11,412.22,-0.78,-0.1892%
2025-02-12T09:18:16.772070,GOOG,186.835,188.8,186.08,187.07,13028100,2025-02-11,188.2,-1.13,-0.6004%
2025-02-12T09:18:16.808551,NVDA,132.58,134.48,131.02,132.8,178902379,2025-02-11,133.57,-0.77,-0.5765%
2025-02-12T09:18:16.845149,IBM,251.1,256.75,250.58,254.7,4801550,2025-02-11,249.27,5.43,2.1784%
2025-02-12T09:18:16.916808,TSLA,345.8,349.37,325.1,328.5,116725895,2025-02-11,350.73,-22.23,-6.3382%
2025-02-12T09:18:16.955369,AMZN,231.92,233.44,230.13,232.76,23713726,2025-02-11,233.14,-0.38,-0.1630%
2025-02-12T09:18:16.994227,META,713.32,723.66,710.04,719.8,12997959,2025-02-11,717.4,2.4,0.3345%
2025-02-12T09:18:17.030688,ORCL,177.62,179.12,176.45,177.19,6528766,2025-02-11,178.92,-1.73,-0.9669%
2025-02-12T09:18:17.069144,KO,67.5,67.67,66.41,67.6,30589148,2025-02-11,64.55,3.05,4.7250%
2025-02-12T10:18:03.436183,AAPL,228.2,235.23,228.13,232.62,53718362,2025-02-11,227.65,4.97,2.1832%
2025-02-12T10:18:03.687999,MSFT,409.64,412.49,409.3,411.44,18140592,2025-02-11,412.22,-0.78,-0.1892%
2025-02-12T10:18:03.796583,GOOG,186.835,188.8,186.08,187.07,13028100,2025-02-11,188.2,-1.13,-0.6004%
2025-02-12T10:18:03.957168,NVDA,132.58,134.48,131.02,132.8,178902379,2025-02-11,133.57,-0.77,-0.5765%
2025-02-12T10:18:04.254811,IBM,251.1,256.75,250.58,254.7,4801550,2025-02-11,249.27,5.43,2.1784%
2025-02-12T10:18:04.543183,TSLA,345.8,349.37,325.1,328.5,116725895,2025-02-11,350.73,-22.23,-6.3382%
2025-02-12T10:18:04.798017,AMZN,231.92,233.44,230.13,232.76,23713726,2025-02-11,233.14,-0.38,-0.1630%
2025-02-12T10:18:04.915318,META,713.32,723.66,710.04,719.8,12997959,2025-02-11,717.4,2.4,0.3345%
2025-02-12T10:18:05.233647,ORCL,177.62,179.12,176.45,177.19,6528766,2025-02-11,178.92,-1.73,-0.9669%
2025-02-12T10:18:05.337894,KO,67.5,67.67,66.41,67.6,30589148,2025-02-11,64.55,3.05,4.7250%
2025-02-12T11:14:23.826870,AAPL,228.2,235.23,228.13,232.62,53718362,2025-02-11,227.65,4.97,2.1832%
2025-02-12T11:14:23.943124,MSFT,409.64,412.49,409.3,411.44,18140592,2025-02-11,412.22,-0.78,-0.1892%
2025-02-12T11:14:24.059265,GOOG,186.835,188.8,186.08,187.07,13028100,2025-02-11,188.2,-1.13,-0.6004%
2025-02-12T11:14:24.168343,NVDA,132.58,134.48,131.02,132.8,178902379,2025-02-11,133.57,-0.77,-0.5765%
2025-02-12T11:14:24.282561,IBM,251.1,256.75,250.58,254.7,4801550,2025-02-11,249.27,5.43,2.1784%
2025-02-12T11:14:24.399612,TSLA,345.8,349.37,325.1,328.5,118543400,2025-02-11,350.73,-22.23,-6.3382%
2025-02-12T11:14:24.509045,AMZN,231.92,233.44,230.13,232.76,23713726,2025-02-11,233.14,-0.38,-0.1630%
2025-02-12T11:14:24.628928,META,713.32,723.66,710.04,719.8,12997959,2025-02-11,717.4,2.4,0.3345%
2025-02-12T11:14:24.689254,ORCL,177.62,179.12,176.45,177.19,6528766,2025-02-11,178.92,-1.73,-0.9669%
2025-02-12T11:14:24.747324,KO,67.5,67.67,66.41,67.6,30589148,2025-02-11,64.55,3.05,4.7250%
2025-02-12T12:34:12.231746,AAPL,228.2,235.23,228.13,232.62,53718362,2025-02-11,227.65,4.97,2.1832%
2025-02-12T12:34:12.295146,MSFT,409.64,412.49,409.3,411.44,18140592,2025-02-11,412.22,-0.78,-0.1892%
2025-02-12T12:34:12.354557,GOOG,186.835,188.8,186.08,187.07,13028100,2025-02-11,188.2,-1.13,-0.6004%
2025-02-12T12:34:12.416667,NVDA,132.58,134.48,131.02,132.8,178902379,2025-02-11,133.57,-0.77,-0.5765%
2025-02-12T12:34:12.479840,IBM,251.1,256.75,250.58,254.7,4801550,2025-02-11,249.27,5.43,2.1784%
2025-02-12T12:34:12.538411,TSLA,345.8,349.37,325.1,328.5,118543400,2025-02-11,350.73,-22.23,-6.3382%
2025-02-12T12:34:12.656381,AMZN,231.92,233.44,230.13,232.76,23713726,2025-02-11,233.14,-0.38,-0.1630%
2025-02-12T12:34:12.768669,META,713.32,723.66,710.04,719.8,12997959,2025-02-11,717.4,2.4,0.3345%
2025-02-12T12:34:12.829292,ORCL,177.62,179.12,176.45,177.19,6528766,2025-02-11,178.92,-1.73,-0.9669%
2025-02-12T12:34:12.948379,KO,67.5,67.67,66.41,67.6,30589148,2025-02-11,64.55,3.05,4.7250%
2025-02-12T13:22:44.546431,AAPL,228.2,235.23,228.13,232.62,53718362,2025-02-11,227.65,4.97,2.1832%
2025-02-12T13:22:44.590562,MSFT,409.64,412.49,409.3,411.44,18140592,2025-02-11,412.22,-0.78,-0.1892%
2025-02-12T13:22:44.636659,GOOG,186.835,188.8,186.08,187.07,13028100,2025-02-11,188.2,-1.13,-0.6004%
2025-02-12T13:22:44.693050,NVDA,132.58,134.48,131.02,132.8,178902379,2025-02-11,133.57,-0.77,-0.5765%
2025-02-12T13:22:44.735381,IBM,251.1,256.75,250.58,254.7,4801550,2025-02-11,249.27,5.43,2.1784%
2025-02-12T13:22:44.782421,TSLA,345.8,349.37,325.1,328.5,118543400,2025-02-11,350.73,-22.23,-6.3382%
2025-02-12T13:22:44.827482,AMZN,231.92,233.44,230.13,232.76,23713726,2025-02-11,233.14,-0.38,-0.1630%
2025-02-12T13:22:44.877513,META,713.32,723.66,710.04,719.8,12997959,2025-02-11,717.4,2.4,0.3345%
2025-02-12T13:22:44.910984,ORCL,177.62,179.12,176.45,177.19,6528766,2025-02-11,178.92,-1.73,-0.9669%
2025-02-12T13:22:44.951118,KO,67.5,67.67,66.41,67.6,30589148,2025-02-11,64.55,3.05,4.7250%
2025-02-12T14:16:23.721956,AAPL,228.2,235.23,228.13,232.62,53718362,2025-02-11,227.65,4.97,2.1832%
2025-02-12T14:16:23.763446,MSFT,409.64,412.49,409.3,411.44,18140592,2025-02-11,412.22,-0.78,-0.1892%
2025-02-12T14:16:23.802465,GOOG,186.835,188.8,186.08,187.07,13028100,2025-02-11,188.2,-1.13,-0.6004%
2025-02-12T14:16:23.849820,NVDA,132.58,134.48,131.02,132.8,178902379,2025-02-11,133.57,-0.77,-0.5765%
2025-02-12T14:16:23.904876,IBM,251.1,256.75,250.58,254.7,4801550,2025-02-11,249.27,5.43,2.1784%
2025-02-12T14:16:23.953636,TSLA,345.8,349.37,325.1,328.5,118543400,2025-02-11,350.73,-22.23,-6.3382%
2025-02-12T14:16:24.203492,AMZN,231.92,233.44,230.13,232.76,23713726,2025-02-11,233.14,-0.38,-0.1630%
2025-02-12T14:16:24.258285,META,713.32,723.66,710.04,719.8,12997959,2025-02-11,717.4,2.4,0.3345%
2025-02-12T14:16:24.361070,ORCL,177.62,179.12,176.45,177.19,6528766,2025-02-11,178.92,-1.73,-0.9669%
2025-02-12T14:16:24.428225,KO,67.5,67.67,66.41,67.6,30589148,2025-02-11,64.55,3.05,4.7250%
2025-02-12T15:18:56.926094,AAPL,228.2,235.23,228.13,232.62,53718362,2025-02-11,227.65,4.97,2.1832%
2025-02-12T15:18:57.157938,MSFT,409.64,412.49,409.3,411.44,18140592,2025-02-11,412.22,-0.78,-0.1892%
2025-02-12T15:18:57.278637,GOOG,186.835,188.8,186.08,187.07,13028100,2025-02-11,188.2,-1.13,-0.6004%
2025-02-12T15:18:57.505384,NVDA,132.58,134.48,131.02,132.8,178902379,2025-02-11,133.57,-0.77,-0.5765%
2025-02-12T15:18:57.735935,IBM,251.1,256.75,250.58,254.7,4801550,2025-02-11,249.27,5.43,2.1784%
2025-02-12T15:18:57.970941,TSLA,345.8,349.37,325.1,328.5,118543400,2025-02-11,350.73,-22.23,-6.3382%
2025-02-12T15:18:58.197661,AMZN,231.92,233.44,230.13,232.76,23713726,2025-02-11,233.14,-0.38,-0.1630%
2025-02-12T15:18:58.424276,META,713.32,723.66,710.04,719.8,12997959,2025-02-11,717.4,2.4,0.3345%
2025-02-12T15:18:58.528909,ORCL,177.62,179.12,176.45,177.19,6528766,2025-02-11,178.92,-1.73,-0.9669%
2025-02-12T15:18:58.770652,KO,67.5,67.67,66.41,67.6,30589148,2025-02-11,64.55,3.05,4.7250%
2025-02-12T16:22:30.116250,AAPL,228.2,235.23,228.13,232.62,53718362,2025-02-11,227.65,4.97,2.1832%
2025-02-12T16:22:30.188816,MSFT,409.64,412.49,409.3,411.44,18140592,2025-02-11,412.22,-0.78,-0.1892%
2025-02-12T16:22:30.229891,GOOG,186.835,188.8,186.08,187.07,13028100,2025-02-11,188.2,-1.13,-0.6004%
2025-02-12T16:22:30.284079,NVDA,132.58,134.48,131.02,132.8,178902379,2025-02-11,133.57,-0.77,-0.5765%
2025-02-12T16:22:30.330024,IBM,251.1,256.75,250.58,254.7,4801550,2025-02-11,249.27,5.43,2.1784%
2025-02-12T16:22:30.391433,TSLA,345.8,349.37,325.1,328.5,118543400,2025-02-11,350.73,-22.23,-6.3382%
2025-02-12T16:22:30.432831,AMZN,231.92,233.44,230.13,232.76,23713726,2025-02-11,233.14,-0.38,-0.1630%
2025-02-12T16:22:30.486017,META,713.32,723.66,710.04,719.8,12997959,2025-02-11,717.4,2.4,0.3345%
2025-02-12T16:22:30.539841,ORCL,177.62,179.12,176.45,177.19,6528766,2025-02-11,178.92,-1.73,-0.9669%
2025-02-12T16:22:30.682894,KO,67.5,67.67,66.41,67.6,30589148,2025-02-11,64.55,3.05,4.7250%
2025-02-12T17:15:39.385283,AAPL,228.2,235.23,228.13,232.62,53718362,2025-02-11,227.65,4.97,2.1832%
2025-02-12T17:15:39.446375,MSFT,409.64,412.49,409.3,411.44,18140592,2025-02-11,412.22,-0.78,-0.1892%
2025-02-12T17:15:39.503489,GOOG,186.835,188.8,186.08,187.07,13028100,2025-02-11,188.2,-1.13,-0.6004%
2025-02-12T17:15:39.580406,NVDA,132.58,134.48,131.02,132.8,178902379,2025-02-11,133.57,-0.77,-0.5765%
2025-02-12T17:15:39.649203,IBM,251.1,256.75,250.58,254.7,4801550,2025-02-11,249.27,5.43,2.1784%
2025-02-12T17:15:39.712431,TSLA,345.8,349.37,325.1,328.5,118543400,2025-02-11,350.73,-22.23,-6.3382%
2025-02-12T17:15:39.771850,AMZN,231.92,233.44,230.13,232.76,23713726,2025-02-11,233.14,-0.38,-0.1630%
2025-02-12T17:15:39.845357,META,713.32,723.66,710.04,719.8,12997959,2025-02-11,717.4,2.4,0.3345%
2025-02-12T17:15:39.907235,ORCL,177.62,179.12,176.45,177.19,6528766,2025-02-11,178.92,-1.73,-0.9669%
2025-02-12T17:15:39.970618,KO,67.5,67.67,66.41,67.6,30589148,2025-02-11,64.55,3.05,4.7250%
2025-02-12T18:24:20.216047,AAPL,228.2,235.23,228.13,232.62,53718362,2025-02-11,227.65,4.97,2.1832%
2025-02-12T18:24:20.274897,MSFT,409.64,412.49,409.3,411.44,18140592,2025-02-11,412.22,-0.78,-0.1892%
2025-02-12T18:24:20.336179,GOOG,186.835,188.8,186.08,187.07,13028100,2025-02-11,188.2,-1.13,-0.6004%
2025-02-12T18:24:20.409514,NVDA,132.58,134.48,131.02,132.8,178902379,2025-02-11,133.57,-0.77,-0.5765%
2025-02-12T18:24:20.466730,IBM,251.1,256.75,250.58,254.7,4801550,2025-02-11,249.27,5.43,2.1784%
2025-02-12T18:24:20.529424,TSLA,345.8,349.37,325.1,328.5,118543400,2025-02-11,350.73,-22.23,-6.3382%
2025-02-12T18:24:20.589301,AMZN,231.92,233.44,230.13,232.76,23713726,2025-02-11,233.14,-0.38,-0.1630%
2025-02-12T18:24:20.653426,META,713.32,723.66,710.04,719.8,12997959,2025-02-11,717.4,2.4,0.3345%
2025-02-12T18:24:20.715210,ORCL,177.62,179.12,176.45,177.19,6528766,2025-02-11,178.92,-1.73,-0.9669%
2025-02-12T18:24:20.770666,KO,67.5,67.67,66.41,67.6,30589148,2025-02-11,64.55,3.05,4.7250%
2025-02-12T19:14:09.133898,AAPL,228.2,235.23,228.13,232.62,53718362,2025-02-11,227.65,4.97,2.1832%
2025-02-12T19:14:09.200524,MSFT,409.64,412.49,409.3,411.44,18140592,2025-02-11,412.22,-0.78,-0.1892%
2025-02-12T19:14:09.257638,GOOG,186.835,188.8,186.08,187.07,13028100,2025-02-11,188.2,-1.13,-0.6004%
2025-02-12T19:14:09.307904,NVDA,132.58,134.48,131.02,132.8,178902379,2025-02-11,133.57,-0.77,-0.5765%
2025-02-12T19:14:09.350520,IBM,251.1,256.75,250.58,254.7,4801550,2025-02-11,249.27,5.43,2.1784%
2025-02-12T19:14:09.406160,TSLA,345.8,349.37,325.1,328.5,118543400,2025-02-11,350.73,-22.23,-6.3382%
2025-02-12T19:14:09.557989,AMZN,231.92,233.44,230.13,232.76,23713726,2025-02-11,233.14,-0.38,-0.1630%
2025-02-12T19:14:09.614745,META,713.32,723.66,710.04,719.8,12997959,2025-02-11,717.4,2.4,0.3345%
2025-02-12T19:14:09.674005,ORCL,177.62,179.12,176.45,177.19,6528766,2025-02-11,178.92,-1.73,-0.9669%
2025-02-12T19:14:09.750930,KO,67.5,67.67,66.41,67.6,30589148,2025-02-11,64.55,3.05,4.7250%
2025-02-12T20:18:31.014016,AAPL,228.2,235.23,228.13,232.62,53718362,2025-02-11,227.65,4.97,2.1832%
2025-02-12T20:18:31.417708,MSFT,409.64,412.49,409.3,411.44,18140592,2025-02-11,412.22,-0.78,-0.1892%
2025-02-12T20:18:31.957911,GOOG,186.835,188.8,186.08,187.07,13028100,2025-02-11,188.2,-1.13,-0.6004%
2025-02-12T20:18:32.043630,NVDA,132.58,134.48,131.02,132.8,178902379,2025-02-11,133.57,-0.77,-0.5765%
2025-02-12T20:18:32.445585,IBM,251.1,256.75,250.58,254.7,4801550,2025-02-11,249.27,5.43,2.1784%
2025-02-12T20:18:32.518034,TSLA,345.8,349.37,325.1,328.5,118543400,2025-02-11,350.73,-22.23,-6.3382%
2025-02-12T20:18:32.573876,AMZN,231.92,233.44,230.13,232.76,23713726,2025-02-11,233.14,-0.38,-0.1630%
2025-02-12T20:18:32.767296,META,713.32,723.66,710.04,719.8,12997959,2025-02-11,717.4,2.4,0.3345%
2025-02-12T20:18:33.175044,ORCL,177.62,179.12,176.45,177.19,6528766,2025-02-11,178.92,-1.73,-0.9669%
2025-02-12T20:18:33.244776,KO,67.5,67.67,66.41,67.6,30589148,2025-02-11,64.55,3.05,4.7250%
2025-02-12T21:16:00.617933,AAPL,231.0,236.96,230.68,236.87,44966131,2025-02-12,232.62,4.25,1.8270%
2025-02-12T21:16:01.282774,MSFT,407.22,410.75,404.3673,409.04,16558018,2025-02-12,411.44,-2.4,-0.5833%
2025-02-12T21:16:02.134450,GOOG,186.835,188.8,186.08,187.07,13028100,2025-02-11,188.2,-1.13,-0.6004%
2025-02-12T21:16:02.527895,NVDA,132.58,134.48,131.02,132.8,178902379,2025-02-11,133.57,-0.77,-0.5765%
2025-02-12T21:16:03.295343,IBM,252.72,256.4,252.02,255.87,3072551,2025-02-12,254.7,1.17,0.4594%
2025-02-12T21:16:03.726928,TSLA,329.76,346.4,329.12,336.51,103140561,2025-02-12,328.5,8.01,2.4384%
2025-02-12T21:16:03.980966,AMZN,231.92,233.44,230.13,232.76,23713726,2025-02-11,233.14,-0.38,-0.1630%
2025-02-12T21:16:04.850798,META,715.62,727.1,712.85,725.38,11688380,2025-02-12,719.8,5.58,0.7752%
2025-02-12T21:16:05.175397,ORCL,174.18,174.45,170.71,172.2,7363719,2025-02-12,177.19,-4.99,-2.8162%
2025-02-12T21:16:06.413939,KO,67.5,67.67,66.41,67.6,30589148,2025-02-11,64.55,3.05,4.7250%
2025-02-12T22:16:00.557961,AAPL,228.2,235.23,228.13,232.62,53718362,2025-02-11,227.65,4.97,2.1832%
2025-02-12T22:16:01.652063,MSFT,409.64,412.49,409.3,411.44,18140592,2025-02-11,412.22,-0.78,-0.1892%
2025-02-12T22:16:02.485601,GOOG,185.0,186.82,183.63,185.43,16830784,2025-02-12,187.07,-1.64,-0.8767%
2025-02-12T22:16:03.373745,NVDA,130.0,132.24,129.08,131.14,159302926,2025-02-12,132.8,-1.66,-1.2500%
2025-02-12T22:16:06.258525,IBM,251.1,256.75,250.58,254.7,4801550,2025-02-11,249.27,5.43,2.1784%
2025-02-12T22:16:06.396301,TSLA,345.8,349.37,325.1,328.5,118543400,2025-02-11,350.73,-22.23,-6.3382%
2025-02-12T22:16:06.530998,AMZN,231.92,233.44,230.13,232.76,23713726,2025-02-11,233.14,-0.38,-0.1630%
2025-02-12T22:16:08.012084,META,715.62,727.1,712.85,725.38,11721318,2025-02-12,719.8,5.58,0.7752%
2025-02-12T22:16:08.268775,ORCL,174.18,174.45,170.71,172.2,7374514,2025-02-12,177.19,-4.99,-2.8162%
2025-02-12T22:16:08.420910,KO,67.5,67.67,66.41,67.6,30589148,2025-02-11,64.55,3.05,4.7250%
2025-02-12T23:15:02.208094,AAPL,228.2,235.23,228.13,232.62,53718362,2025-02-11,227.65,4.97,2.1832%
2025-02-12T23:15:05.185233,MSFT,409.64,412.49,409.3,411.44,18140592,2025-02-11,412.22,-0.78,-0.1892%
2025-02-12T23:15:07.621365,GOOG,186.835,188.8,186.08,187.07,13028100,2025-02-11,188.2,-1.13,-0.6004%
2025-02-12T23:15:07.935217,NVDA,130.0,132.24,129.08,131.14,159758835,2025-02-12,132.8,-1.66,-1.2500%
2025-02-12T23:15:09.230700,IBM,252.72,256.4,252.02,255.87,3074130,2025-02-12,254.7,1.17,0.4594%
2025-02-12T23:15:09.865983,TSLA,329.76,346.4,329.12,336.51,104527600,2025-02-12,328.5,8.01,2.4384%
2025-02-12T23:15:10.031516,AMZN,230.38,231.18,228.16,228.93,32213174,2025-02-12,232.76,-3.83,-1.6455%
2025-02-12T23:15:10.300642,META,715.62,727.1,712.85,725.38,11991664,2025-02-12,719.8,5.58,0.7752%
2025-02-12T23:15:10.955440,ORCL,174.18,174.45,170.71,172.2,7447163,2025-02-12,177.19,-4.99,-2.8162%
2025-02-12T23:15:11.159223,KO,67.1,68.82,66.98,68.7,26008902,2025-02-12,67.6,1.1,1.6272%
2025-02-13T01:18:56.753252,AAPL,231.2,236.96,230.68,236.87,44996462,2025-02-12,232.62,4.25,1.8270%
2025-02-13T01:18:56.821974,MSFT,407.21,410.75,404.3673,409.04,16600209,2025-02-12,411.44,-2.4,-0.5833%
2025-02-13T01:18:56.934996,GOOG,185.23,186.83,183.63,185.43,16814261,2025-02-12,187.07,-1.64,-0.8767%
2025-02-13T01:18:57.248869,NVDA,130.02,132.24,129.08,131.14,158857908,2025-02-12,132.8,-1.66,-1.2500%
2025-02-13T01:18:57.317201,IBM,252.72,256.4,252.02,255.81,3072551,2025-02-12,254.7,1.11,0.4358%
2025-02-13T01:18:57.434793,TSLA,329.94,346.4,329.12,336.51,103491589,2025-02-12,328.5,8.01,2.4384%
2025-02-13T01:18:57.549398,AMZN,230.46,231.18,228.16,228.93,30375021,2025-02-12,232.76,-3.83,-1.6455%
2025-02-13T01:18:57.627379,META,715.3,727.1,712.6,725.38,11700714,2025-02-12,719.8,5.58,0.7752%
2025-02-13T01:18:57.690282,ORCL,174.89,174.89,170.71,172.22,7363719,2025-02-12,177.19,-4.97,-2.8049%
2025-02-13T01:18:57.767548,KO,66.87,68.82,66.87,68.71,25035570,2025-02-12,67.6,1.11,1.6420%
2025-02-13T02:47:22.076944,AAPL,231.2,236.96,230.68,236.87,45243292,2025-02-12,232.62,4.25,1.8270%
2025-02-13T02:47:22.220001,MSFT,407.21,410.75,404.3673,409.04,19121734,2025-02-12,411.44,-2.4,-0.5833%
2025-02-13T02:47:22.329144,GOOG,185.23,186.83,183.63,185.43,17632314,2025-02-12,187.07,-1.64,-0.8767%
2025-02-13T02:47:22.437085,NVDA,130.02,132.24,129.08,131.14,160278552,2025-02-12,132.8,-1.66,-1.2500%
2025-02-13T02:47:22.540191,IBM,252.72,256.4,252.02,255.81,3075308,2025-02-12,254.7,1.11,0.4358%
2025-02-13T02:47:22.719645,TSLA,329.94,346.4,329.12,336.51,103491589,2025-02-12,328.5,8.01,2.4384%
2025-02-13T02:47:22.841035,AMZN,230.46,231.18,228.16,228.93,32285249,2025-02-12,232.76,-3.83,-1.6455%
2025-02-13T02:47:22.938106,META,715.3,727.1,712.6,725.38,12016517,2025-02-12,719.8,5.58,0.7752%
2025-02-13T02:47:23.048560,ORCL,174.89,174.89,170.71,172.22,7454841,2025-02-12,177.19,-4.97,-2.8049%
2025-02-13T02:47:23.162578,KO,66.87,68.82,66.87,68.71,26033764,2025-02-12,67.6,1.11,1.6420%
2025-02-13T03:20:33.369665,AAPL,231.2,236.96,230.68,236.87,45243292,2025-02-12,232.62,4.25,1.8270%
2025-02-13T03:20:33.429603,MSFT,407.21,410.75,404.3673,409.04,19121734,2025-02-12,411.44,-2.4,-0.5833%
2025-02-13T03:20:33.480715,GOOG,185.23,186.83,183.63,185.43,17632314,2025-02-12,187.07,-1.64,-0.8767%
2025-02-13T03:20:33.540194,NVDA,130.02,132.24,129.08,131.14,160278552,2025-02-12,132.8,-1.66,-1.2500%
2025-02-13T03:20:33.589322,IBM,252.72,256.4,252.02,255.81,3075308,2025-02-12,254.7,1.11,0.4358%
2025-02-13T03:20:33.630055,TSLA,329.94,346.4,329.12,336.51,103491589,2025-02-12,328.5,8.01,2.4384%
2025-02-13T03:20:33.667613,AMZN,230.46,231.18,228.16,228.93,32285249,2025-02-12,232.76,-3.83,-1.6455%
2025-02-13T03:20:33.720468,META,715.3,727.1,712.6,725.38,12016517,2025-02-12,719.8,5.58,0.7752%
2025-02-13T03:20:33.767395,ORCL,174.89,174.89,170.71,172.22,7454841,2025-02-12,177.19,-4.97,-2.8049%
2025-02-13T03:20:33.806535,KO,66.87,68.82,66.87,68.71,26033764,2025-02-12,67.6,1.11,1.6420%
2025-02-13T04:20:40.451176,AAPL,231.2,236.96,230.68,236.87,45243292,2025-02-12,232.62,4.25,1.8270%
2025-02-13T04:20:40.517138,MSFT,407.21,410.75,404.3673,409.04,19121734,2025-02-12,411.44,-2.4,-0.5833%
2025-02-13T04:20:40.577584,GOOG,185.23,186.83,183.63,185.43,17632314,2025-02-12,187.07,-1.64,-0.8767%
2025-02-13T04:20:40.657169,NVDA,130.02,132.24,129.08,131.14,160278552,2025-02-12,132.8,-1.66,-1.2500%
2025-02-13T04:20:40.711123,IBM,252.72,256.4,252.02,255.81,3075308,2025-02-12,254.7,1.11,0.4358%
2025-02-13T04:20:40.766676,TSLA,329.94,346.4,329.12,336.51,103491589,2025-02-12,328.5,8.01,2.4384%
2025-02-13T04:21:00.411135,AMZN,230.46,231.18,228.16,228.93,32285249,2025-02-12,232.76,-3.83,-1.6455%
2025-02-13T04:21:00.467739,META,715.3,727.1,712.6,725.38,12016517,2025-02-12,719.8,5.58,0.7752%
2025-02-13T04:21:00.518664,ORCL,174.89,174.89,170.71,172.22,7454841,2025-02-12,177.19,-4.97,-2.8049%
2025-02-13T04:21:00.743310,KO,66.87,68.82,66.87,68.71,26033764,2025-02-12,67.6,1.11,1.6420%
2025-02-13T05:16:26.099826,AAPL,231.2,236.96,230.68,236.87,45243292,2025-02-12,232.62,4.25,1.8270%
2025-02-13T05:16:26.219948,MSFT,407.21,410.75,404.3673,409.04,19121734,2025-02-12,411.44,-2.4,-0.5833%
2025-02-13T05:16:26.347578,GOOG,185.23,186.83,183.63,185.43,17632314,2025-02-12,187.07,-1.64,-0.8767%
2025-02-13T05:16:26.462816,NVDA,130.02,132.24,129.08,131.14,160278552,2025-02-12,132.8,-1.66,-1.2500%
2025-02-13T05:16:26.567892,IBM,252.72,256.4,252.02,255.81,3075308,2025-02-12,254.7,1.11,0.4358%
2025-02-13T05:16:26.675834,TSLA,329.94,346.4,329.12,336.51,103491589,2025-02-12,328.5,8.01,2.4384%
2025-02-13T05:16:26.790704,AMZN,230.46,231.18,228.16,228.93,32285249,2025-02-12,232.76,-3.83,-1.6455%
2025-02-13T05:16:26.928421,META,715.3,727.1,712.6,725.38,12016517,2025-02-12,719.8,5.58,0.7752%
2025-02-13T05:16:27.036904,ORCL,174.89,174.89,170.71,172.22,7454841,2025-02-12,177.19,-4.97,-2.8049%
2025-02-13T05:16:27.148951,KO,66.87,68.82,66.87,68.71,26033764,2025-02-12,67.6,1.11,1.6420%
2025-02-13T06:24:12.853987,AAPL,231.2,236.96,230.68,236.87,45243292,2025-02-12,232.62,4.25,1.8270%
2025-02-13T06:24:12.923125,MSFT,407.21,410.75,404.3673,409.04,19121734,2025-02-12,411.44,-2.4,-0.5833%
2025-02-13T06:24:12.982255,GOOG,185.23,186.83,183.63,185.43,17632314,2025-02-12,187.07,-1.64,-0.8767%
2025-02-13T06:24:13.053341,NVDA,130.02,132.24,129.08,131.14,160278552,2025-02-12,132.8,-1.66,-1.2500%
2025-02-13T06:24:13.181126,IBM,252.72,256.4,252.02,255.81,3075308,2025-02-12,254.7,1.11,0.4358%
2025-02-13T06:24:13.264580,TSLA,329.94,346.4,329.12,336.51,103491589,2025-02-12,328.5,8.01,2.4384%
2025-02-13T06:24:13.323674,AMZN,230.46,231.18,228.16,228.93,32285249,2025-02-12,232.76,-3.83,-1.6455%
2025-02-13T06:24:13.387459,META,715.3,727.1,712.6,725.38,12016517,2025-02-12,719.8,5.58,0.7752%
2025-02-13T06:24:13.446047,ORCL,174.89,174.89,170.71,172.22,7454841,2025-02-12,177.19,-4.97,-2.8049%
2025-02-13T06:24:13.532568,KO,66.87,68.82,66.87,68.71,26033764,2025-02-12,67.6,1.11,1.6420%
2025-02-13T07:16:23.201519,AAPL,231.2,236.96,230.68,236.87,45243292,2025-02-12,232.62,4.25,1.8270%
2025-02-13T07:16:23.339856,MSFT,407.21,410.75,404.3673,409.04,19121734,2025-02-12,411.44,-2.4,-0.5833%
2025-02-13T07:16:23.476094,GOOG,185.23,186.83,183.63,185.43,17632314,2025-02-12,187.07,-1.64,-0.8767%
2025-02-13T07:16:23.629145,NVDA,130.02,132.24,129.08,131.14,160278552,2025-02-12,132.8,-1.66,-1.2500%
2025-02-13T07:16:23.773523,IBM,252.72,256.4,252.02,255.81,3075308,2025-02-12,254.7,1.11,0.4358%
2025-02-13T07:16:23.957086,TSLA,329.94,346.4,329.12,336.51,103491589,2025-02-12,328.5,8.01,2.4384%
2025-02-13T07:16:24.101537,AMZN,230.46,231.18,228.16,228.93,32285249,2025-02-12,232.76,-3.83,-1.6455%
2025-02-13T07:16:24.270473,META,715.3,727.1,712.6,725.38,12016517,2025-02-12,719.8,5.58,0.7752%
2025-02-13T07:16:24.404280,ORCL,174.89,174.89,170.71,172.22,7454841,2025-02-12,177.19,-4.97,-2.8049%
2025-02-13T07:16:24.540085,KO,66.87,68.82,66.87,68.71,26033764,2025-02-12,67.6,1.11,1.6420%
2025-02-13T08:22:08.566036,AAPL,231.2,236.96,230.68,236.87,45243292,2025-02-12,232.62,4.25,1.8270%
2025-02-13T08:22:08.630252,MSFT,407.21,410.75,404.3673,409.04,19121734,2025-02-12,411.44,-2.4,-0.5833%
2025-02-13T08:22:08.685765,GOOG,185.23,186.83,183.63,185.43,17632314,2025-02-12,187.07,-1.64,-0.8767%
2025-02-13T08:22:08.748350,NVDA,130.02,132.24,129.08,131.14,160278552,2025-02-12,132.8,-1.66,-1.2500%
2025-02-13T08:22:08.807989,IBM,252.72,256.4,252.02,255.81,3075308,2025-02-12,254.7,1.11,0.4358%
2025-02-13T08:22:08.869150,TSLA,329.94,346.4,329.12,336.51,103491589,2025-02-12,328.5,8.01,2.4384%
2025-02-13T08:22:08.933682,AMZN,230.46,231.18,228.16,228.93,32285249,2025-02-12,232.76,-3.83,-1.6455%
2025-02-13T08:22:08.997042,META,715.3,727.1,712.6,725.38,12016517,2025-02-12,719.8,5.58,0.7752%
2025-02-13T08:22:09.062241,ORCL,174.89,174.89,170.71,172.22,7454841,2025-02-12,177.19,-4.97,-2.8049%
2025-02-13T08:22:09.123781,KO,66.87,68.82,66.87,68.71,26033764,2025-02-12,67.6,1.11,1.6420%
2025-02-13T09:18:22.719770,AAPL,231.2,236.96,230.68,236.87,45243292,2025-02-12,232.62,4.25,1.8270%
2025-02-13T09:18:22.757367,MSFT,407.21,410.75,404.3673,409.04,19121734,2025-02-12,411.44,-2.4,-0.5833%
2025-02-13T09:18:22.809923,GOOG,185.23,186.83,183.63,185.43,17632314,2025-02-12,187.07,-1.64,-0.8767%
2025-02-13T09:18:22.847277,NVDA,130.02,132.24,129.08,131.14,160278552,2025-02-12,132.8,-1.66,-1.2500%
2025-02-13T09:18:22.888227,IBM,252.72,256.4,252.02,255.81,3075308,2025-02-12,254.7,1.11,0.4358%
2025-02-13T09:18:22.937380,TSLA,329.94,346.4,329.12,336.51,103491589,2025-02-12,328.5,8.01,2.4384%
2025-02-13T09:18:22.989673,AMZN,230.46,231.18,228.16,228.93,32285249,2025-02-12,232.76,-3.83,-1.6455%
2025-02-13T09:18:23.029875,META,715.3,727.1,712.6,725.38,12016517,2025-02-12,719.8,5.58,0.7752%
2025-02-13T09:18:23.067955,ORCL,174.89,174.89,170.71,172.22,7454841,2025-02-12,177.19,-4.97,-2.8049%
2025-02-13T09:18:23.122772,KO,66.87,68.82,66.87,68.71,26033764,2025-02-12,67.6,1.11,1.6420%
2025-02-13T10:18:19.926848,AAPL,231.2,236.96,230.68,236.87,45243292,2025-02-12,232.62,4.25,1.8270%
2025-02-13T10:18:20.007384,MSFT,407.21,410.75,404.3673,409.04,19121734,2025-02-12,411.44,-2.4,-0.5833%
2025-02-13T10:18:20.068356,GOOG,185.23,186.83,183.63,185.43,17632314,2025-02-12,187.07,-1.64,-0.8767%
2025-02-13T10:18:20.123629,NVDA,130.02,132.24,129.08,131.14,160278552,2025-02-12,132.8,-1.66,-1.2500%
2025-02-13T10:18:20.169397,IBM,252.72,256.4,252.02,255.81,3075308,2025-02-12,254.7,1.11,0.4358%
2025-02-13T10:18:20.242518,TSLA,329.94,346.4,329.12,336.51,103491589,2025-02-12,328.5,8.01,2.4384%
2025-02-13T10:18:20.293370,AMZN,230.46,231.18,228.16,228.93,32285249,2025-02-12,232.76,-3.83,-1.6455%
2025-02-13T10:18:20.349729,META,715.3,727.1,712.6,725.38,12016517,2025-02-12,719.8,5.58,0.7752%
2025-02-13T10:18:20.409128,ORCL,174.89,174.89,170.71,172.22,7454841,2025-02-12,177.19,-4.97,-2.8049%
2025-02-13T10:18:20.464561,KO,66.87,68.82,66.87,68.71,26033764,2025-02-12,67.6,1.11,1.6420%
2025-02-13T11:14:08.672288,AAPL,231.2,236.96,230.68,236.87,45243292,2025-02-12,232.62,4.25,1.8270%
2025-02-13T11:14:08.727029,MSFT,407.21,410.75,404.3673,409.04,19121734,2025-02-12,411.44,-2.4,-0.5833%
2025-02-13T11:14:08.789625,GOOG,185.23,186.83,183.63,185.43,17632314,2025-02-12,187.07,-1.64,-0.8767%
2025-02-13T11:14:08.845480,NVDA,130.02,132.24,129.08,131.14,160278552,2025-02-12,132.8,-1.66,-1.2500%
2025-02-13T11:14:08.909405,IBM,252.72,256.4,252.02,255.81,3075308,2025-02-12,254.7,1.11,0.4358%
2025-02-13T11:14:08.985503,TSLA,329.94,346.4,329.12,336.51,105382729,2025-02-12,328.5,8.01,2.4384%
2025-02-13T11:14:09.051241,AMZN,230.46,231.18,228.16,228.93,32285249,2025-02-12,232.76,-3.83,-1.6455%
2025-02-13T11:14:09.111821,META,715.3,727.1,712.6,725.38,12016517,2025-02-12,719.8,5.58,0.7752%
2025-02-13T11:14:09.188215,ORCL,174.89,174.89,170.71,172.22,7454841,2025-02-12,177.19,-4.97,-2.8049%
2025-02-13T11:14:09.254072,KO,66.87,68.82,66.87,68.71,26033764,2025-02-12,67.6,1.11,1.6420%
2025-02-13T12:34:27.033711,AAPL,231.2,236.96,230.68,236.87,45243292,2025-02-12,232.62,4.25,1.8270%
2025-02-13T12:34:27.085972,MSFT,407.21,410.75,404.3673,409.04,19121734,2025-02-12,411.44,-2.4,-0.5833%
2025-02-13T12:34:27.150954,GOOG,185.23,186.83,183.63,185.43,17632314,2025-02-12,187.07,-1.64,-0.8767%
2025-02-13T12:34:27.205361,NVDA,130.02,132.24,129.08,131.14,160278552,2025-02-12,132.8,-1.66,-1.2500%
2025-02-13T12:34:27.274151,IBM,252.72,256.4,252.02,255.81,3075308,2025-02-12,254.7,1.11,0.4358%
2025-02-13T12:34:27.337160,TSLA,329.94,346.4,329.12,336.51,105382729,2025-02-12,328.5,8.01,2.4384%
2025-02-13T12:34:27.417049,AMZN,230.46,231.18,228.16,228.93,32285249,2025-02-12,232.76,-3.83,-1.6455%
2025-02-13T12:34:27.471404,META,715.3,727.1,712.6,725.38,12016517,2025-02-12,719.8,5.58,0.7752%
2025-02-13T12:34:27.551773,ORCL,174.89,174.89,170.71,172.22,7454841,2025-02-12,177.19,-4.97,-2.8049%
2025-02-13T12:34:27.613030,KO,66.87,68.82,66.87,68.71,26033764,2025-02-12,67.6,1.11,1.6420%
2025-02-13T13:23:00.330646,AAPL,231.2,236.96,230.68,236.87,45243292,2025-02-12,232.62,4.25,1.8270%
2025-02-13T13:23:00.588789,MSFT,407.21,410.75,404.3673,409.04,19121734,2025-02-12,411.44,-2.4,-0.5833%
2025-02-13T13:23:01.057937,GOOG,185.23,186.83,183.63,185.43,17632314,2025-02-12,187.07,-1.64,-0.8767%
2025-02-13T13:23:01.256894,NVDA,130.02,132.24,129.08,131.14,160278552,2025-02-12,132.8,-1.66,-1.2500%
2025-02-13T13:23:01.616931,IBM,252.72,256.4,252.02,255.81,3075308,2025-02-12,254.7,1.11,0.4358%
2025-02-13T13:23:02.707319,TSLA,329.94,346.4,329.12,336.51,105382729,2025-02-12,328.5,8.01,2.4384%
2025-02-13T13:23:03.693806,AMZN,230.46,231.18,228.16,228.93,32285249,2025-02-12,232.76,-3.83,-1.6455%
2025-02-13T13:23:03.754706,META,715.3,727.1,712.6,725.38,12016517,2025-02-12,719.8,5.58,0.7752%
2025-02-13T13:23:03.815359,ORCL,174.89,174.89,170.71,172.22,7454841,2025-02-12,177.19,-4.97,-2.8049%
2025-02-13T13:23:04.804741,KO,66.87,68.82,66.87,68.71,26033764,2025-02-12,67.6,1.11,1.6420%
2025-02-13T14:16:32.414874,AAPL,231.2,236.96,230.68,236.87,45243292,2025-02-12,232.62,4.25,1.8270%
2025-02-13T14:16:32.482522,MSFT,407.21,410.75,404.3673,409.04,19121734,2025-02-12,411.44,-2.4,-0.5833%
2025-02-13T14:16:32.537713,GOOG,185.23,186.83,183.63,185.43,17632314,2025-02-12,187.07,-1.64,-0.8767%
2025-02-13T14:16:32.601897,NVDA,130.02,132.24,129.08,131.14,160278552,2025-02-12,132.8,-1.66,-1.2500%
2025-02-13T14:16:32.671240,IBM,252.72,256.4,252.02,255.81,3075308,2025-02-12,254.7,1.11,0.4358%
2025-02-13T14:16:32.769125,TSLA,329.94,346.4,329.12,336.51,105382729,2025-02-12,328.5,8.01,2.4384%
2025-02-13T14:16:32.884206,AMZN,230.46,231.18,228.16,228.93,32285249,2025-02-12,232.76,-3.83,-1.6455%
2025-02-13T14:16:33.001219,META,715.3,727.1,712.6,725.38,12016517,2025-02-12,719.8,5.58,0.7752%
2025-02-13T14:16:33.064232,ORCL,174.89,174.89,170.71,172.22,7454841,2025-02-12,177.19,-4.97,-2.8049%
2025-02-13T14:16:33.122668,KO,66.87,68.82,66.87,68.71,26033764,2025-02-12,67.6,1.11,1.6420%
2025-02-13T15:19:03.096613,AAPL,231.2,236.96,230.68,236.87,45243292,2025-02-12,232.62,4.25,1.8270%
2025-02-13T15:19:04.680650,MSFT,407.21,410.75,404.3673,409.04,19121734,2025-02-12,411.44,-2.4,-0.5833%
2025-02-13T15:19:05.733596,GOOG,185.23,186.83,183.63,185.43,17632314,2025-02-12,187.07,-1.64,-0.8767%
2025-02-13T15:19:05.839749,NVDA,130.02,132.24,129.08,131.14,160278552,2025-02-12,132.8,-1.66,-1.2500%
2025-02-13T15:19:05.940363,IBM,252.72,256.4,252.02,255.81,3075308,2025-02-12,254.7,1.11,0.4358%
2025-02-13T15:19:06.340482,TSLA,329.94,346.4,329.12,336.51,105382729,2025-02-12,328.5,8.01,2.4384%
2025-02-13T15:19:07.167412,AMZN,230.46,231.18,228.16,228.93,32285249,2025-02-12,232.76,-3.83,-1.6455%
2025-02-13T15:19:07.269246,META,715.3,727.1,712.6,725.38,12016517,2025-02-12,719.8,5.58,0.7752%
2025-02-13T15:19:07.385090,ORCL,174.89,174.89,170.71,172.22,7454841,2025-02-12,177.19,-4.97,-2.8049%
2025-02-13T15:19:07.488668,KO,66.87,68.82,66.87,68.71,26033764,2025-02-12,67.6,1.11,1.6420%
2025-02-13T16:22:22.407043,AAPL,231.2,236.96,230.68,236.87,45243292,2025-02-12,232.62,4.25,1.8270%
2025-02-13T16:22:22.516870,MSFT,407.21,410.75,404.3673,409.04,19121734,2025-02-12,411.44,-2.4,-0.5833%
2025-02-13T16:22:22.577797,GOOG,185.23,186.83,183.63,185.43,17632314,2025-02-12,187.07,-1.64,-0.8767%
2025-02-13T16:22:22.649080,NVDA,130.02,132.24,129.08,131.14,160278552,2025-02-12,132.8,-1.66,-1.2500%
2025-02-13T16:22:22.816756,IBM,252.72,256.4,252.02,255.81,3075308,2025-02-12,254.7,1.11,0.4358%
2025-02-13T16:22:22.913832,TSLA,329.94,346.4,329.12,336.51,105382729,2025-02-12,328.5,8.01,2.4384%
2025-02-13T16:22:22.969391,AMZN,230.46,231.18,228.16,228.93,32285249,2025-02-12,232.76,-3.83,-1.6455%
2025-02-13T16:22:23.028359,META,715.3,727.1,712.6,725.38,12016517,2025-02-12,719.8,5.58,0.7752%
2025-02-13T16:22:23.092668,ORCL,174.89,174.89,170.71,172.22,7454841,2025-02-12,177.19,-4.97,-2.8049%
2025-02-13T16:22:23.150676,KO,66.87,68.82,66.87,68.71,26033764,2025-02-12,67.6,1.11,1.6420%
2025-02-13T17:12:41.272972,AAPL,231.2,236.96,230.68,236.87,45243292,2025-02-12,232.62,4.25,1.8270%
2025-02-13T17:12:41.408737,MSFT,407.21,410.75,404.3673,409.04,19121734,2025-02-12,411.44,-2.4,-0.5833%
2025-02-13T17:12:41.537905,GOOG,185.23,186.83,183.63,185.43,17632314,2025-02-12,187.07,-1.64,-0.8767%
2025-02-13T17:12:41.663567,NVDA,130.02,132.24,129.08,131.14,160278552,2025-02-12,132.8,-1.66,-1.2500%
2025-02-13T17:12:41.880342,IBM,252.72,256.4,252.02,255.81,3075308,2025-02-12,254.7,1.11,0.4358%
2025-02-13T17:12:42.015411,TSLA,329.94,346.4,329.12,336.51,105382729,2025-02-12,328.5,8.01,2.4384%
2025-02-13T17:12:42.144180,AMZN,230.46,231.18,228.16,228.93,32285249,2025-02-12,232.76,-3.83,-1.6455%
2025-02-13T17:12:42.324823,META,715.3,727.1,712.6,725.38,12016517,2025-02-12,719.8,5.58,0.7752%
2025-02-13T17:12:42.455869,ORCL,174.89,174.89,170.71,172.22,7454841,2025-02-12,177.19,-4.97,-2.8049%
2025-02-13T17:12:42.599974,KO,66.87,68.82,66.87,68.71,26033764,2025-02-12,67.6,1.11,1.6420%
2025-02-13T18:24:18.150593,AAPL,231.2,236.96,230.68,236.87,45243292,2025-02-12,232.62,4.25,1.8270%
2025-02-13T18:24:18.297742,MSFT,407.21,410.75,404.3673,409.04,19121734,2025-02-12,411.44,-2.4,-0.5833%
2025-02-13T18:24:18.352421,GOOG,185.23,186.83,183.63,185.43,17632314,2025-02-12,187.07,-1.64,-0.8767%
2025-02-13T18:24:18.407077,NVDA,130.02,132.24,129.08,131.14,160278552,2025-02-12,132.8,-1.66,-1.2500%
2025-02-13T18:24:18.487451,IBM,252.72,256.4,252.02,255.81,3075308,2025-02-12,254.7,1.11,0.4358%
2025-02-13T18:24:18.573270,TSLA,329.94,346.4,329.12,336.51,105382729,2025-02-12,328.5,8.01,2.4384%
2025-02-13T18:24:18.634955,AMZN,230.46,231.18,228.16,228.93,32285249,2025-02-12,232.76,-3.83,-1.6455%
2025-02-13T18:24:18.720996,META,715.3,727.1,712.6,725.38,12016517,2025-02-12,719.8,5.58,0.7752%
2025-02-13T18:24:18.785619,ORCL,174.89,174.89,170.71,172.22,7454841,2025-02-12,177.19,-4.97,-2.8049%
2025-02-13T18:24:18.884778,KO,66.87,68.82,66.87,68.71,26033764,2025-02-12,67.6,1.11,1.6420%
2025-02-13T19:13:19.792414,AAPL,231.2,236.96,230.68,236.87,45243292,2025-02-12,232.62,4.25,1.8270%
2025-02-13T19:13:19.914814,MSFT,407.21,410.75,404.3673,409.04,19121734,2025-02-12,411.44,-2.4,-0.5833%
2025-02-13T19:13:19.961359,GOOG,185.23,186.83,183.63,185.43,17632314,2025-02-12,187.07,-1.64,-0.8767%
2025-02-13T19:13:20.023854,NVDA,130.02,132.24,129.08,131.14,160278552,2025-02-12,132.8,-1.66,-1.2500%
2025-02-13T19:13:20.081027,IBM,252.72,256.4,252.02,255.81,3075308,2025-02-12,254.7,1.11,0.4358%
2025-02-13T19:13:20.186514,TSLA,329.94,346.4,329.12,336.51,105382729,2025-02-12,328.5,8.01,2.4384%
2025-02-13T19:13:20.246862,AMZN,230.46,231.18,228.16,228.93,32285249,2025-02-12,232.76,-3.83,-1.6455%
2025-02-13T19:13:20.328034,META,715.3,727.1,712.6,725.38,12016517,2025-02-12,719.8,5.58,0.7752%
2025-02-13T19:13:20.388057,ORCL,174.89,174.89,170.71,172.22,7454841,2025-02-12,177.19,-4.97,-2.8049%
2025-02-13T19:13:20.431657,KO,66.87,68.82,66.87,68.71,26033764,2025-02-12,67.6,1.11,1.6420%
2025-02-13T20:18:30.222789,AAPL,231.2,236.96,230.68,236.87,45243292,2025-02-12,232.62,4.25,1.8270%
2025-02-13T20:18:30.282672,MSFT,407.21,410.75,404.3673,409.04,19121734,2025-02-12,411.44,-2.4,-0.5833%
2025-02-13T20:18:30.345862,GOOG,185.23,186.83,183.63,185.43,17632314,2025-02-12,187.07,-1.64,-0.8767%
2025-02-13T20:18:30.397632,NVDA,130.02,132.24,129.08,131.14,160278552,2025-02-12,132.8,-1.66,-1.2500%
2025-02-13T20:18:30.459550,IBM,252.72,256.4,252.02,255.81,3075308,2025-02-12,254.7,1.11,0.4358%
2025-02-13T20:18:30.532048,TSLA,329.94,346.4,329.12,336.51,105382729,2025-02-12,328.5,8.01,2.4384%
2025-02-13T20:18:30.608979,AMZN,230.46,231.18,228.16,228.93,32285249,2025-02-12,232.76,-3.83,-1.6455%
2025-02-13T20:18:30.665110,META,715.3,727.1,712.6,725.38,12016517,2025-02-12,719.8,5.58,0.7752%
2025-02-13T20:18:30.730661,ORCL,174.89,174.89,170.71,172.22,7454841,2025-02-12,177.19,-4.97,-2.8049%
2025-02-13T20:18:30.788401,KO,66.87,68.82,66.87,68.71,26033764,2025-02-12,67.6,1.11,1.6420%
2025-02-13T21:16:02.985746,AAPL,237.0,242.3399,235.57,241.53,51638557,2025-02-13,236.87,4.66,1.9673%
2025-02-13T21:16:05.146573,MSFT,407.04,411.0,406.36,410.54,22907384,2025-02-13,409.04,1.5,0.3667%
2025-02-13T21:16:05.213196,GOOG,185.95,187.99,184.89,187.88,12653581,2025-02-13,185.43,2.45,1.3213%
2025-02-13T21:16:05.282328,NVDA,131.51,136.5,131.17,135.29,195638118,2025-02-13,131.14,4.15,3.1646%
2025-02-13T21:16:05.339881,IBM,255.25,259.24,254.41,259.18,3692863,2025-02-13,255.81,3.37,1.3174%
2025-02-13T21:16:05.749026,TSLA,345.0,358.69,342.865,355.94,88563171,2025-02-13,336.51,19.43,5.7740%
2025-02-13T21:16:06.034546,AMZN,228.95,230.415,227.52,230.37,31055726,2025-02-13,228.93,1.44,0.6290%
2025-02-13T21:16:06.091725,META,721.0,728.97,718.04,728.56,12519480,2025-02-13,725.38,3.18,0.4384%
2025-02-13T21:16:06.270639,ORCL,173.01,174.375,172.1,173.89,6237666,2025-02-13,172.22,1.67,0.9697%
2025-02-13T21:16:06.319145,KO,69.08,69.61,68.762,69.48,23275890,2025-02-13,68.71,0.77,1.1207%
2025-02-13T22:15:56.123535,AAPL,237.0,242.3399,235.57,241.53,53517650,2025-02-13,236.87,4.66,1.9673%
2025-02-13T22:15:56.271060,MSFT,407.04,411.0,406.36,410.54,23837709,2025-02-13,409.04,1.5,0.3667%
2025-02-13T22:15:56.529461,GOOG,185.95,187.99,184.89,187.88,12685709,2025-02-13,185.43,2.45,1.3213%
2025-02-13T22:15:56.666625,NVDA,131.51,136.5,131.17,135.29,196653231,2025-02-13,131.14,4.15,3.1646%
2025-02-13T22:15:56.952615,IBM,255.25,259.24,254.41,259.18,4526747,2025-02-13,255.81,3.37,1.3174%
2025-02-13T22:15:57.119988,TSLA,345.0,358.69,342.865,355.94,88860556,2025-02-13,336.51,19.43,5.7740%
2025-02-13T22:15:57.418507,AMZN,228.95,230.415,227.52,230.37,31115624,2025-02-13,228.93,1.44,0.6290%
2025-02-13T22:15:57.566871,META,721.0,728.97,718.04,728.56,12532464,2025-02-13,725.38,3.18,0.4384%
2025-02-13T22:15:57.799742,ORCL,173.01,174.375,172.1,173.89,6411311,2025-02-13,172.22,1.67,0.9697%
2025-02-13T22:15:58.081454,KO,69.08,69.61,68.762,69.48,23300194,2025-02-13,68.71,0.77,1.1207%
2025-02-13T23:16:54.591676,AAPL,237.0,242.3399,235.57,241.53,53545309,2025-02-13,236.87,4.66,1.9673%
2025-02-13T23:16:54.644044,MSFT,407.04,411.0,406.36,410.54,23853720,2025-02-13,409.04,1.5,0.3667%
2025-02-13T23:16:54.688828,GOOG,185.95,187.99,184.89,187.88,12702044,2025-02-13,185.43,2.45,1.3213%
2025-02-13T23:16:54.729678,NVDA,131.51,136.5,131.17,135.29,196912432,2025-02-13,131.14,4.15,3.1646%
2025-02-13T23:16:54.770929,IBM,255.25,259.24,254.41,259.18,4527848,2025-02-13,255.81,3.37,1.3174%
2025-02-13T23:16:54.828905,TSLA,345.0,358.69,342.865,355.94,88989613,2025-02-13,336.51,19.43,5.7740%
2025-02-13T23:16:54.892436,AMZN,228.95,230.415,227.52,230.37,31294791,2025-02-13,228.93,1.44,0.6290%
2025-02-13T23:16:54.939151,META,721.0,728.97,718.04,728.56,12543211,2025-02-13,725.38,3.18,0.4384%
2025-02-13T23:16:55.104652,ORCL,173.01,174.375,172.1,173.89,6416161,2025-02-13,172.22,1.67,0.9697%
2025-02-13T23:16:55.216288,KO,69.08,69.61,68.762,69.48,24364725,2025-02-13,68.71,0.77,1.1207%
2025-02-14T01:18:37.732390,AAPL,236.91,242.3399,235.57,241.53,52138207,2025-02-13,236.87,4.66,1.9673%
2025-02-14T01:18:37.778870,MSFT,407.0,411.0,406.36,410.54,22965073,2025-02-13,409.04,1.5,0.3667%
2025-02-14T01:18:37.821821,GOOG,185.93,187.99,184.88,187.88,12666584,2025-02-13,185.43,2.45,1.3213%
2025-02-14T01:18:37.875409,NVDA,131.555,136.5,131.17,135.29,195902362,2025-02-13,131.14,4.15,3.1646%
2025-02-14T01:18:37.924337,IBM,255.66,259.28,254.41,259.19,3692855,2025-02-13,255.81,3.38,1.3213%
2025-02-14T01:18:37.965124,TSLA,345.0,358.69,342.85,355.94,88650703,2025-02-13,336.51,19.43,5.7740%
2025-02-14T01:18:38.008735,AMZN,228.85,230.42,227.52,230.37,31085979,2025-02-13,228.93,1.44,0.6290%
2025-02-14T01:18:38.053633,META,721.5197,729.0,718.04,728.56,12522909,2025-02-13,725.38,3.18,0.4384%
2025-02-14T01:18:38.096590,ORCL,173.0,174.375,172.1,173.86,6237649,2025-02-13,172.22,1.64,0.9523%
2025-02-14T01:18:38.194400,KO,69.0,69.61,68.762,69.5,23275887,2025-02-13,68.71,0.79,1.1498%
2025-02-14T02:47:08.941339,AAPL,236.91,242.3399,235.57,241.53,53614054,2025-02-13,236.87,4.66,1.9673%
2025-02-14T02:47:09.013021,MSFT,407.0,411.0,406.36,410.54,23891731,2025-02-13,409.04,1.5,0.3667%
2025-02-14T02:47:09.069466,GOOG,185.93,187.99,184.88,187.88,12729334,2025-02-13,185.43,2.45,1.3213%
2025-02-14T02:47:09.134220,NVDA,131.555,136.5,131.17,135.29,195902362,2025-02-13,131.14,4.15,3.1646%
2025-02-14T02:47:09.194980,IBM,255.66,259.28,254.41,259.19,4531538,2025-02-13,255.81,3.38,1.3213%
2025-02-14T02:47:09.253466,TSLA,345.0,358.69,342.85,355.94,88650703,2025-02-13,336.51,19.43,5.7740%
2025-02-14T02:47:09.301920,AMZN,228.85,230.42,227.52,230.37,31346512,2025-02-13,228.93,1.44,0.6290%
2025-02-14T02:47:09.358549,META,721.5197,729.0,718.04,728.56,12569064,2025-02-13,725.38,3.18,0.4384%
2025-02-14T02:47:09.411111,ORCL,173.0,174.375,172.1,173.86,6237649,2025-02-13,172.22,1.64,0.9523%
2025-02-14T02:47:09.493139,KO,69.0,69.61,68.762,69.5,24393148,2025-02-13,68.71,0.79,1.1498%
2025-02-14T03:20:34.433826,AAPL,236.91,242.3399,235.57,241.53,53614054,2025-02-13,236.87,4.66,1.9673%
2025-02-14T03:20:34.575107,MSFT,407.0,411.0,406.36,410.54,23891731,2025-02-13,409.04,1.5,0.3667%
2025-02-14T03:20:34.674824,GOOG,185.93,187.99,184.88,187.88,12729334,2025-02-13,185.43,2.45,1.3213%
2025-02-14T03:20:34.780046,NVDA,131.555,136.5,131.17,135.29,195902362,2025-02-13,131.14,4.15,3.1646%
2025-02-14T03:20:34.887395,IBM,255.66,259.28,254.41,259.19,4531538,2025-02-13,255.81,3.38,1.3213%
2025-02-14T03:20:34.996316,TSLA,345.0,358.69,342.85,355.94,88650703,2025-02-13,336.51,19.43,5.7740%
2025-02-14T03:20:35.101917,AMZN,228.85,230.42,227.52,230.37,31346512,2025-02-13,228.93,1.44,0.6290%
2025-02-14T03:20:35.217942,META,721.5197,729.0,718.04,728.56,12569064,2025-02-13,725.38,3.18,0.4384%
2025-02-14T03:20:35.327773,ORCL,173.0,174.375,172.1,173.86,6237649,2025-02-13,172.22,1.64,0.9523%
2025-02-14T03:20:35.431005,KO,69.0,69.61,68.762,69.5,24393148,2025-02-13,68.71,0.79,1.1498%
2025-02-14T04:20:42.989313,AAPL,236.91,242.3399,235.57,241.53,53614054,2025-02-13,236.87,4.66,1.9673%
2025-02-14T04:20:43.220800,MSFT,407.0,411.0,406.36,410.54,23891731,2025-02-13,409.04,1.5,0.3667%
2025-02-14T04:20:43.457216,GOOG,185.93,187.99,184.88,187.88,12729334,2025-02-13,185.43,2.45,1.3213%
2025-02-14T04:20:43.688264,NVDA,131.555,136.5,131.17,135.29,195902362,2025-02-13,131.14,4.15,3.1646%
2025-02-14T04:20:43.931168,IBM,255.66,259.28,254.41,259.19,4531538,2025-02-13,255.81,3.38,1.3213%
2025-02-14T04:20:44.156298,TSLA,345.0,358.69,342.85,355.94,88650703,2025-02-13,336.51,19.43,5.7740%
2025-02-14T04:20:44.389795,AMZN,228.85,230.42,227.52,230.37,31346512,2025-02-13,228.93,1.44,0.6290%
2025-02-14T04:20:44.723977,META,721.5197,729.0,718.04,728.56,12569064,2025-02-13,725.38,3.18,0.4384%
2025-02-14T04:20:44.860004,ORCL,173.0,174.375,172.1,173.86,6237649,2025-02-13,172.22,1.64,0.9523%
2025-02-14T04:20:45.079787,KO,69.0,69.61,68.762,69.5,24393148,2025-02-13,68.71,0.79,1.1498%
2025-02-14T05:16:18.571799,AAPL,236.91,242.3399,235.57,241.53,53614054,2025-02-13,236.87,4.66,1.9673%
2025-02-14T05:16:18.625739,MSFT,407.0,411.0,406.36,410.54,23891731,2025-02-13,409.04,1.5,0.3667%
2025-02-14T05:16:18.672830,GOOG,185.93,187.99,184.88,187.88,12729334,2025-02-13,185.43,2.45,1.3213%
2025-02-14T05:16:18.728032,NVDA,131.555,136.5,131.17,135.29,195902362,2025-02-13,131.14,4.15,3.1646%
2025-02-14T05:16:18.775412,IBM,255.66,259.28,254.41,259.19,4531538,2025-02-13,255.81,3.38,1.3213%
2025-02-14T05:16:18.826270,TSLA,345.0,358.69,342.85,355.94,88650703,2025-02-13,336.51,19.43,5.7740%
2025-02-14T05:16:18.876624,AMZN,228.85,230.42,227.52,230.37,31346512,2025-02-13,228.93,1.44,0.6290%
2025-02-14T05:16:18.930296,META,721.5197,729.0,718.04,728.56,12569064,2025-02-13,725.38,3.18,0.4384%
2025-02-14T05:16:18.976757,ORCL,173.0,174.375,172.1,173.86,6237649,2025-02-13,172.22,1.64,0.9523%
2025-02-14T05:16:19.043285,KO,69.0,69.61,68.762,69.5,24393148,2025-02-13,68.71,0.79,1.1498%
2025-02-14T06:23:54.249370,AAPL,236.91,242.3399,235.57,241.53,53614054,2025-02-13,236.87,4.66,1.9673%
2025-02-14T06:23:54.308452,MSFT,407.0,411.0,406.36,410.54,23891731,2025-02-13,409.04,1.5,0.3667%
2025-02-14T06:23:54.380215,GOOG,185.93,187.99,184.88,187.88,12729334,2025-02-13,185.43,2.45,1.3213%
2025-02-14T06:23:54.426133,NVDA,131.555,136.5,131.17,135.29,195902362,2025-02-13,131.14,4.15,3.1646%
2025-02-14T06:23:54.474456,IBM,255.66,259.28,254.41,259.19,4531538,2025-02-13,255.81,3.38,1.3213%
2025-02-14T06:23:54.521221,TSLA,345.0,358.69,342.85,355.94,88650703,2025-02-13,336.51,19.43,5.7740%
2025-02-14T06:23:54.557372,AMZN,228.85,230.42,227.52,230.37,31346512,2025-02-13,228.93,1.44,0.6290%
2025-02-14T06:23:54.589942,META,721.5197,729.0,718.04,728.56,12569064,2025-02-13,725.38,3.18,0.4384%
2025-02-14T06:23:54.632401,ORCL,173.0,174.375,172.1,173.86,6237649,2025-02-13,172.22,1.64,0.9523%
2025-02-14T06:23:54.681043,KO,69.0,69.61,68.762,69.5,24393148,2025-02-13,68.71,0.79,1.1498%
2025-02-14T07:15:40.206267,AAPL,236.91,242.3399,235.57,241.53,53614054,2025-02-13,236.87,4.66,1.9673%
2025-02-14T07:15:40.311581,MSFT,407.0,411.0,406.36,410.54,23891731,2025-02-13,409.04,1.5,0.3667%
2025-02-14T07:15:40.515575,GOOG,185.93,187.99,184.88,187.88,12729334,2025-02-13,185.43,2.45,1.3213%
2025-02-14T07:15:40.617064,NVDA,131.555,136.5,131.17,135.29,195902362,2025-02-13,131.14,4.15,3.1646%
2025-02-14T07:15:40.726188,IBM,255.66,259.28,254.41,259.19,4531538,2025-02-13,255.81,3.38,1.3213%
2025-02-14T07:15:40.834632,TSLA,345.0,358.69,342.85,355.94,88650703,2025-02-13,336.51,19.43,5.7740%
2025-02-14T07:15:40.941246,AMZN,228.85,230.42,227.52,230.37,31346512,2025-02-13,228.93,1.44,0.6290%
2025-02-14T07:15:41.043828,META,721.5197,729.0,718.04,728.56,12569064,2025-02-13,725.38,3.18,0.4384%
2025-02-14T07:15:41.156014,ORCL,173.0,174.375,172.1,173.86,6237649,2025-02-13,172.22,1.64,0.9523%
2025-02-14T07:15:41.261218,KO,69.0,69.61,68.762,69.5,24393148,2025-02-13,68.71,0.79,1.1498%
2025-02-14T08:22:08.250699,AAPL,236.91,242.3399,235.57,241.53,53614054,2025-02-13,236.87,4.66,1.9673%
2025-02-14T08:22:08.398876,MSFT,407.0,411.0,406.36,410.54,23891731,2025-02-13,409.04,1.5,0.3667%
2025-02-14T08:22:08.531239,GOOG,185.93,187.99,184.88,187.88,12729334,2025-02-13,185.43,2.45,1.3213%
2025-02-14T08:22:08.668095,NVDA,131.555,136.5,131.17,135.29,195902362,2025-02-13,131.14,4.15,3.1646%
2025-02-14T08:22:08.801150,IBM,255.66,259.28,254.41,259.19,4531538,2025-02-13,255.81,3.38,1.3213%
2025-02-14T08:22:08.940102,TSLA,345.0,358.69,342.85,355.94,88650703,2025-02-13,336.51,19.43,5.7740%
2025-02-14T08:22:09.071810,AMZN,228.85,230.42,227.52,230.37,31346512,2025-02-13,228.93,1.44,0.6290%
2025-02-14T08:22:09.206368,META,721.5197,729.0,718.04,728.56,12569064,2025-02-13,725.38,3.18,0.4384%
2025-02-14T08:22:09.504131,ORCL,173.0,174.375,172.1,173.86,6237649,2025-02-13,172.22,1.64,0.9523%
2025-02-14T08:22:09.638148,KO,69.0,69.61,68.762,69.5,24393148,2025-02-13,68.71,0.79,1.1498%
2025-02-14T09:18:00.701852,AAPL,236.91,242.3399,235.57,241.53,53614054,2025-02-13,236.87,4.66,1.9673%
2025-02-14T09:18:00.765540,MSFT,407.0,411.0,406.36,410.54,23891731,2025-02-13,409.04,1.5,0.3667%
2025-02-14T09:18:00.831311,GOOG,185.93,187.99,184.88,187.88,12729334,2025-02-13,185.43,2.45,1.3213%
2025-02-14T09:18:00.891952,NVDA,131.555,136.5,131.17,135.29,195902362,2025-02-13,131.14,4.15,3.1646%
2025-02-14T09:18:00.937485,IBM,255.66,259.28,254.41,259.19,4531538,2025-02-13,255.81,3.38,1.3213%
2025-02-14T09:18:01.005694,TSLA,345.0,358.69,342.85,355.94,88650703,2025-02-13,336.51,19.43,5.7740%
2025-02-14T09:18:01.636296,AMZN,228.85,230.42,227.52,230.37,31346512,2025-02-13,228.93,1.44,0.6290%
2025-02-14T09:18:01.871341,META,721.5197,729.0,718.04,728.56,12569064,2025-02-13,725.38,3.18,0.4384%
2025-02-14T09:18:02.982350,ORCL,173.0,174.375,172.1,173.86,6237649,2025-02-13,172.22,1.64,0.9523%
2025-02-14T09:18:03.539098,KO,69.0,69.61,68.762,69.5,24393148,2025-02-13,68.71,0.79,1.1498%
2025-02-14T10:17:53.793113,AAPL,236.91,242.3399,235.57,241.53,53614054,2025-02-13,236.87,4.66,1.9673%
2025-02-14T10:17:53.851140,MSFT,407.0,411.0,406.36,410.54,23891731,2025-02-13,409.04,1.5,0.3667%
2025-02-14T10:17:53.904512,GOOG,185.93,187.99,184.88,187.88,12729334,2025-02-13,185.43,2.45,1.3213%
2025-02-14T10:17:53.969863,NVDA,131.555,136.5,131.17,135.29,195902362,2025-02-13,131.14,4.15,3.1646%
2025-02-14T10:17:54.016779,IBM,255.66,259.28,254.41,259.19,4531538,2025-02-13,255.81,3.38,1.3213%
2025-02-14T10:17:54.075513,TSLA,345.0,358.69,342.85,355.94,88650703,2025-02-13,336.51,19.43,5.7740%
2025-02-14T10:17:54.149870,AMZN,228.85,230.42,227.52,230.37,31346512,2025-02-13,228.93,1.44,0.6290%
2025-02-14T10:17:54.210780,META,721.5197,729.0,718.04,728.56,12569064,2025-02-13,725.38,3.18,0.4384%
2025-02-14T10:17:54.260689,ORCL,173.0,174.375,172.1,173.86,6237649,2025-02-13,172.22,1.64,0.9523%
2025-02-14T10:17:54.306180,KO,69.0,69.61,68.762,69.5,24393148,2025-02-13,68.71,0.79,1.1498%
2025-02-14T11:13:46.563590,AAPL,236.91,242.3399,235.57,241.53,53614054,2025-02-13,236.87,4.66,1.9673%
2025-02-14T11:13:46.676377,MSFT,407.0,411.0,406.36,410.54,23891731,2025-02-13,409.04,1.5,0.3667%
2025-02-14T11:13:46.741366,GOOG,185.93,187.99,184.88,187.88,12729334,2025-02-13,185.43,2.45,1.3213%
2025-02-14T11:13:46.806599,NVDA,131.555,136.5,131.17,135.29,197429975,2025-02-13,131.14,4.15,3.1646%
2025-02-14T11:13:46.913034,IBM,255.66,259.28,254.41,259.19,4531538,2025-02-13,255.81,3.38,1.3213%
2025-02-14T11:13:47.034718,TSLA,345.0,358.69,342.85,355.94,89441519,2025-02-13,336.51,19.43,5.7740%
2025-02-14T11:13:47.103319,AMZN,228.85,230.42,227.52,230.37,31346512,2025-02-13,228.93,1.44,0.6290%
2025-02-14T11:13:47.214892,META,721.5197,729.0,718.04,728.56,12569064,2025-02-13,725.38,3.18,0.4384%
2025-02-14T11:13:47.286939,ORCL,173.0,174.375,172.1,173.86,6421673,2025-02-13,172.22,1.64,0.9523%
2025-02-14T11:13:47.390700,KO,69.0,69.61,68.762,69.5,24393148,2025-02-13,68.71,0.79,1.1498%
2025-02-14T12:33:49.720271,AAPL,236.91,242.3399,235.57,241.53,53614054,2025-02-13,236.87,4.66,1.9673%
2025-02-14T12:33:49.835300,MSFT,407.0,411.0,406.36,410.54,23891731,2025-02-13,409.04,1.5,0.3667%
2025-02-14T12:33:49.949738,GOOG,185.93,187.99,184.88,187.88,12729334,2025-02-13,185.43,2.45,1.3213%
2025-02-14T12:33:50.024353,NVDA,131.555,136.5,131.17,135.29,197429975,2025-02-13,131.14,4.15,3.1646%
2025-02-14T12:33:50.144951,IBM,255.66,259.28,254.41,259.19,4531538,2025-02-13,255.81,3.38,1.3213%
2025-02-14T12:33:50.209465,TSLA,345.0,358.69,342.85,355.94,89441519,2025-02-13,336.51,19.43,5.7740%
2025-02-14T12:33:50.282650,AMZN,228.85,230.42,227.52,230.37,31346512,2025-02-13,228.93,1.44,0.6290%
2025-02-14T12:33:50.395856,META,721.5197,729.0,718.04,728.56,12569064,2025-02-13,725.38,3.18,0.4384%
2025-02-14T12:33:50.507637,ORCL,173.0,174.375,172.1,173.86,6421673,2025-02-13,172.22,1.64,0.9523%
2025-02-14T12:33:50.618649,KO,69.0,69.61,68.762,69.5,24393148,2025-02-13,68.71,0.79,1.1498%
2025-02-14T13:22:58.081462,AAPL,236.91,242.3399,235.57,241.53,53614054,2025-02-13,236.87,4.66,1.9673%
2025-02-14T13:22:58.131781,MSFT,407.0,411.0,406.36,410.54,23891731,2025-02-13,409.04,1.5,0.3667%
2025-02-14T13:22:58.197586,GOOG,185.93,187.99,184.88,187.88,12729334,2025-02-13,185.43,2.45,1.3213%
2025-02-14T13:22:58.248066,NVDA,131.555,136.5,131.17,135.29,197429975,2025-02-13,131.14,4.15,3.1646%
2025-02-14T13:22:58.311673,IBM,255.66,259.28,254.41,259.19,4531538,2025-02-13,255.81,3.38,1.3213%
2025-02-14T13:22:58.363752,TSLA,345.0,358.69,342.85,355.94,89441519,2025-02-13,336.51,19.43,5.7740%
2025-02-14T13:22:58.415391,AMZN,228.85,230.42,227.52,230.37,31346512,2025-02-13,228.93,1.44,0.6290%
2025-02-14T13:22:58.483294,META,721.5197,729.0,718.04,728.56,12569064,2025-02-13,725.38,3.18,0.4384%
2025-02-14T13:22:58.541878,ORCL,173.0,174.375,172.1,173.86,6421673,2025-02-13,172.22,1.64,0.9523%
2025-02-14T13:22:58.596924,KO,69.0,69.61,68.762,69.5,24393148,2025-02-13,68.71,0.79,1.1498%
2025-02-14T14:15:32.856341,AAPL,236.91,242.3399,235.57,241.53,53614054,2025-02-13,236.87,4.66,1.9673%
2025-02-14T14:15:33.390301,MSFT,407.0,411.0,406.36,410.54,23891731,2025-02-13,409.04,1.5,0.3667%
2025-02-14T14:15:33.480405,GOOG,185.93,187.99,184.88,187.88,12729334,2025-02-13,185.43,2.45,1.3213%
2025-02-14T14:15:33.550644,NVDA,131.555,136.5,131.17,135.29,197429975,2025-02-13,131.14,4.15,3.1646%
2025-02-14T14:15:33.701545,IBM,255.66,259.28,254.41,259.19,4531538,2025-02-13,255.81,3.38,1.3213%
2025-02-14T14:15:33.778950,TSLA,345.0,358.69,342.85,355.94,89441519,2025-02-13,336.51,19.43,5.7740%
2025-02-14T14:15:33.831631,AMZN,228.85,230.42,227.52,230.37,31346512,2025-02-13,228.93,1.44,0.6290%
2025-02-14T14:15:33.884460,META,721.5197,729.0,718.04,728.56,12569064,2025-02-13,725.38,3.18,0.4384%
2025-02-14T14:15:33.945944,ORCL,173.0,174.375,172.1,173.86,6421673,2025-02-13,172.22,1.64,0.9523%
2025-02-14T14:15:34.001391,KO,69.0,69.61,68.762,69.5,24393148,2025-02-13,68.71,0.79,1.1498%
2025-02-14T15:18:12.969708,AAPL,236.91,242.3399,235.57,241.53,53614054,2025-02-13,236.87,4.66,1.9673%
2025-02-14T15:18:13.039921,MSFT,407.0,411.0,406.36,410.54,23891731,2025-02-13,409.04,1.5,0.3667%
2025-02-14T15:18:13.111210,GOOG,185.93,187.99,184.88,187.88,12729334,2025-02-13,185.43,2.45,1.3213%
2025-02-14T15:18:13.243490,NVDA,131.555,136.5,131.17,135.29,197429975,2025-02-13,131.14,4.15,3.1646%
2025-02-14T15:18:13.365094,IBM,255.66,259.28,254.41,259.19,4531538,2025-02-13,255.81,3.38,1.3213%
2025-02-14T15:18:13.426456,TSLA,345.0,358.69,342.85,355.94,89441519,2025-02-13,336.51,19.43,5.7740%
2025-02-14T15:18:13.490426,AMZN,228.85,230.42,227.52,230.37,31346512,2025-02-13,228.93,1.44,0.6290%
2025-02-14T15:18:13.562872,META,721.5197,729.0,718.04,728.56,12569064,2025-02-13,725.38,3.18,0.4384%
2025-02-14T15:18:13.629307,ORCL,173.0,174.375,172.1,173.86,6421673,2025-02-13,172.22,1.64,0.9523%
2025-02-14T15:18:13.729826,KO,69.0,69.61,68.762,69.5,24393148,2025-02-13,68.71,0.79,1.1498%
2025-02-14T16:20:04.648219,AAPL,236.91,242.3399,235.57,241.53,53614054,2025-02-13,236.87,4.66,1.9673%
2025-02-14T16:20:05.536201,MSFT,407.0,411.0,406.36,410.54,23891731,2025-02-13,409.04,1.5,0.3667%
2025-02-14T16:20:05.978741,GOOG,185.93,187.99,184.88,187.88,12729334,2025-02-13,185.43,2.45,1.3213%
2025-02-14T16:20:06.795562,NVDA,131.555,136.5,131.17,135.29,197429975,2025-02-13,131.14,4.15,3.1646%
2025-02-14T16:20:07.149155,IBM,255.66,259.28,254.41,259.19,4531538,2025-02-13,255.81,3.38,1.3213%
2025-02-14T16:20:07.861475,TSLA,345.0,358.69,342.85,355.94,89441519,2025-02-13,336.51,19.43,5.7740%
2025-02-14T16:20:08.105266,AMZN,228.85,230.42,227.52,230.37,31346512,2025-02-13,228.93,1.44,0.6290%
2025-02-14T16:20:08.533058,META,721.5197,729.0,718.04,728.56,12569064,2025-02-13,725.38,3.18,0.4384%
2025-02-14T16:20:08.588429,ORCL,173.0,174.375,172.1,173.86,6421673,2025-02-13,172.22,1.64,0.9523%
2025-02-14T16:20:09.668981,KO,69.0,69.61,68.762,69.5,24393148,2025-02-13,68.71,0.79,1.1498%
2025-02-14T17:14:30.398718,AAPL,236.91,242.3399,235.57,241.53,53614054,2025-02-13,236.87,4.66,1.9673%
2025-02-14T17:14:30.475270,MSFT,407.0,411.0,406.36,410.54,23891731,2025-02-13,409.04,1.5,0.3667%
2025-02-14T17:14:30.527725,GOOG,185.93,187.99,184.88,187.88,12729334,2025-02-13,185.43,2.45,1.3213%
2025-02-14T17:14:30.580600,NVDA,131.555,136.5,131.17,135.29,197429975,2025-02-13,131.14,4.15,3.1646%
2025-02-14T17:14:30.655079,IBM,255.66,259.28,254.41,259.19,4531538,2025-02-13,255.81,3.38,1.3213%
2025-02-14T17:14:30.714476,TSLA,345.0,358.69,342.85,355.94,89441519,2025-02-13,336.51,19.43,5.7740%
2025-02-14T17:14:30.759926,AMZN,228.85,230.42,227.52,230.37,31346512,2025-02-13,228.93,1.44,0.6290%
2025-02-14T17:14:30.824598,META,721.5197,729.0,718.04,728.56,12569064,2025-02-13,725.38,3.18,0.4384%
2025-02-14T17:14:30.894091,ORCL,173.0,174.375,172.1,173.86,6421673,2025-02-13,172.22,1.64,0.9523%
2025-02-14T17:14:30.958940,KO,69.0,69.61,68.762,69.5,24393148,2025-02-13,68.71,0.79,1.1498%
2025-02-14T18:23:32.543398,AAPL,236.91,242.3399,235.57,241.53,53614054,2025-02-13,236.87,4.66,1.9673%
2025-02-14T18:23:32.601468,MSFT,407.0,411.0,406.36,410.54,23891731,2025-02-13,409.04,1.5,0.3667%
2025-02-14T18:23:32.670854,GOOG,185.93,187.99,184.88,187.88,12729334,2025-02-13,185.43,2.45,1.3213%
2025-02-14T18:23:32.735604,NVDA,131.555,136.5,131.17,135.29,197429975,2025-02-13,131.14,4.15,3.1646%
2025-02-14T18:23:32.793327,IBM,255.66,259.28,254.41,259.19,4531538,2025-02-13,255.81,3.38,1.3213%
2025-02-14T18:23:32.858239,TSLA,345.0,358.69,342.85,355.94,89441519,2025-02-13,336.51,19.43,5.7740%
2025-02-14T18:23:32.926600,AMZN,228.85,230.42,227.52,230.37,31346512,2025-02-13,228.93,1.44,0.6290%
2025-02-14T18:23:32.984899,META,721.5197,729.0,718.04,728.56,12569064,2025-02-13,725.38,3.18,0.4384%
2025-02-14T18:23:33.040731,ORCL,173.0,174.375,172.1,173.86,6421673,2025-02-13,172.22,1.64,0.9523%
2025-02-14T18:23:33.097414,KO,69.0,69.61,68.762,69.5,24393148,2025-02-13,68.71,0.79,1.1498%
2025-02-14T19:13:33.714259,AAPL,236.91,242.3399,235.57,241.53,53614054,2025-02-13,236.87,4.66,1.9673%
2025-02-14T19:13:33.817788,MSFT,407.0,411.0,406.36,410.54,23891731,2025-02-13,409.04,1.5,0.3667%
2025-02-14T19:13:33.924587,GOOG,185.93,187.99,184.88,187.88,12729334,2025-02-13,185.43,2.45,1.3213%
2025-02-14T19:13:34.168116,NVDA,131.555,136.5,131.17,135.29,197429975,2025-02-13,131.14,4.15,3.1646%
2025-02-14T19:13:34.276824,IBM,255.66,259.28,254.41,259.19,4531538,2025-02-13,255.81,3.38,1.3213%
2025-02-14T19:13:34.379382,TSLA,345.0,358.69,342.85,355.94,89441519,2025-02-13,336.51,19.43,5.7740%
2025-02-14T19:13:34.492701,AMZN,228.85,230.42,227.52,230.37,31346512,2025-02-13,228.93,1.44,0.6290%
2025-02-14T19:13:34.591058,META,721.5197,729.0,718.04,728.56,12569064,2025-02-13,725.38,3.18,0.4384%
2025-02-14T19:13:34.702046,ORCL,173.0,174.375,172.1,173.86,6421673,2025-02-13,172.22,1.64,0.9523%
2025-02-14T19:13:34.865917,KO,69.0,69.61,68.762,69.5,24393148,2025-02-13,68.71,0.79,1.1498%
2025-02-14T20:18:14.675051,AAPL,236.91,242.3399,235.57,241.53,53614054,2025-02-13,236.87,4.66,1.9673%
2025-02-14T20:18:14.720420,MSFT,407.0,411.0,406.36,410.54,23891731,2025-02-13,409.04,1.5,0.3667%
2025-02-14T20:18:14.764904,GOOG,185.93,187.99,184.88,187.88,12729334,2025-02-13,185.43,2.45,1.3213%
2025-02-14T20:18:14.819781,NVDA,131.555,136.5,131.17,135.29,197429975,2025-02-13,131.14,4.15,3.1646%
2025-02-14T20:18:14.858925,IBM,255.66,259.28,254.41,259.19,4531538,2025-02-13,255.81,3.38,1.3213%
2025-02-14T20:18:14.905362,TSLA,345.0,358.69,342.85,355.94,89441519,2025-02-13,336.51,19.43,5.7740%
2025-02-14T20:18:14.946398,AMZN,228.85,230.42,227.52,230.37,31346512,2025-02-13,228.93,1.44,0.6290%
2025-02-14T20:18:15.007716,META,721.5197,729.0,718.04,728.56,12569064,2025-02-13,725.38,3.18,0.4384%
2025-02-14T20:18:15.053929,ORCL,173.0,174.375,172.1,173.86,6421673,2025-02-13,172.22,1.64,0.9523%
2025-02-14T20:18:15.114805,KO,69.0,69.61,68.762,69.5,24393148,2025-02-13,68.71,0.79,1.1498%
2025-02-14T21:15:30.007440,AAPL,236.91,242.3399,235.57,241.53,53614054,2025-02-13,236.87,4.66,1.9673%
2025-02-14T21:15:30.055678,MSFT,407.0,411.0,406.36,410.54,23891731,2025-02-13,409.04,1.5,0.3667%
2025-02-14T21:15:30.166981,GOOG,185.93,187.99,184.88,187.88,12729334,2025-02-13,185.43,2.45,1.3213%
2025-02-14T21:15:30.222628,NVDA,131.555,136.5,131.17,135.29,197429975,2025-02-13,131.14,4.15,3.1646%
2025-02-14T21:15:30.286148,IBM,255.66,259.28,254.41,259.19,4531538,2025-02-13,255.81,3.38,1.3213%
2025-02-14T21:15:30.348109,TSLA,345.0,358.69,342.85,355.94,89441519,2025-02-13,336.51,19.43,5.7740%
2025-02-14T21:15:30.397380,AMZN,228.85,230.42,227.52,230.37,31346512,2025-02-13,228.93,1.44,0.6290%
2025-02-14T21:15:30.462203,META,721.5197,729.0,718.04,728.56,12569064,2025-02-13,725.38,3.18,0.4384%
2025-02-14T21:15:30.573584,ORCL,173.0,174.375,172.1,173.86,6421673,2025-02-13,172.22,1.64,0.9523%
2025-02-14T21:15:30.616409,KO,69.0,69.61,68.762,69.5,24393148,2025-02-13,68.71,0.79,1.1498%
2025-02-14T22:15:30.272664,AAPL,241.26,245.41,241.0,244.6,40817636,2025-02-14,241.53,3.07,1.2711%
2025-02-14T22:15:30.347130,MSFT,407.58,408.83,405.8964,408.43,22650927,2025-02-14,410.54,-2.11,-0.5140%
2025-02-14T22:15:30.520019,GOOG,186.98,188.15,186.11,186.87,12663757,2025-02-14,187.88,-1.01,-0.5376%
2025-02-14T22:15:30.583494,NVDA,136.4,139.2,135.5,138.85,194608967,2025-02-14,135.29,3.56,2.6314%
2025-02-14T22:15:30.785879,IBM,259.415,261.94,258.0,261.21,3921635,2025-02-14,259.19,2.02,0.7794%
2025-02-14T22:15:30.841088,TSLA,360.5,361.99,347.5,355.84,67960469,2025-02-14,355.94,-0.1,-0.0281%
2025-02-14T22:15:31.018142,AMZN,229.11,229.79,227.23,228.68,26955846,2025-02-14,230.37,-1.69,-0.7336%
2025-02-14T22:15:31.070619,META,727.1,740.89,725.62,736.67,16875773,2025-02-14,728.56,8.11,1.1132%
2025-02-14T22:15:31.276903,ORCL,174.22,175.03,172.8128,174.14,7254098,2025-02-14,173.86,0.28,0.1610%
2025-02-14T22:15:31.464983,KO,69.27,70.03,68.76,68.87,20766670,2025-02-14,69.5,-0.63,-0.9065%
2025-02-14T23:16:23.430687,AAPL,241.26,245.41,241.0,244.6,40838609,2025-02-14,241.53,3.07,1.2711%
2025-02-14T23:16:23.551858,MSFT,407.58,408.83,405.8964,408.43,22680448,2025-02-14,410.54,-2.11,-0.5140%
2025-02-14T23:16:23.652615,GOOG,186.98,188.15,186.11,186.87,12673595,2025-02-14,187.88,-1.01,-0.5376%
2025-02-14T23:16:23.755413,NVDA,136.4,139.2,135.5,138.85,194934414,2025-02-14,135.29,3.56,2.6314%
2025-02-14T23:16:24.002033,IBM,259.415,261.94,258.0,261.21,3922349,2025-02-14,259.19,2.02,0.7794%
2025-02-14T23:16:24.107182,TSLA,360.5,361.99,347.5,355.84,68063040,2025-02-14,355.94,-0.1,-0.0281%
2025-02-14T23:16:24.448228,AMZN,229.11,229.79,227.23,228.68,26973547,2025-02-14,230.37,-1.69,-0.7336%
2025-02-14T23:16:24.554081,META,727.1,740.89,725.62,736.67,16884470,2025-02-14,728.56,8.11,1.1132%
2025-02-14T23:16:24.744006,ORCL,174.22,175.03,172.8128,174.14,7256407,2025-02-14,173.86,0.28,0.1610%
2025-02-14T23:16:24.986602,KO,69.27,70.03,68.76,68.87,20773127,2025-02-14,69.5,-0.63,-0.9065%
2025-02-15T01:17:51.247189,AAPL,241.25,245.55,240.99,244.6,40185610,2025-02-14,241.53,3.07,1.2711%
2025-02-15T01:17:51.355279,MSFT,407.79,408.91,405.88,408.43,21837712,2025-02-14,410.54,-2.11,-0.5140%
2025-02-15T01:17:51.464290,GOOG,186.83,188.15,186.11,186.87,12642582,2025-02-14,187.88,-1.01,-0.5376%
2025-02-15T01:17:51.566602,NVDA,136.48,139.25,135.5,138.85,193907529,2025-02-14,135.29,3.56,2.6314%
2025-02-15T01:17:51.670018,IBM,259.0,261.94,257.91,261.28,3472281,2025-02-14,259.19,2.09,0.8064%
2025-02-15T01:17:51.769854,TSLA,360.62,362.0,347.5,355.84,67747566,2025-02-14,355.94,-0.1,-0.0281%
2025-02-15T01:17:51.872034,AMZN,229.2,229.89,227.23,228.68,26579056,2025-02-14,230.37,-1.69,-0.7336%
2025-02-15T01:17:51.969802,META,726.14,740.91,725.62,736.67,16809437,2025-02-14,728.56,8.11,1.1132%
2025-02-15T01:17:52.076839,ORCL,174.25,175.03,172.8128,174.16,6820634,2025-02-14,173.86,0.3,0.1726%
2025-02-15T01:17:52.173399,KO,69.365,70.03,68.76,68.87,20748357,2025-02-14,69.5,-0.63,-0.9065%
2025-02-15T02:44:32.372135,AAPL,241.25,245.55,240.99,244.6,40896227,2025-02-14,241.53,3.07,1.2711%
2025-02-15T02:44:32.489927,MSFT,407.79,408.91,405.88,408.43,22758464,2025-02-14,410.54,-2.11,-0.5140%
2025-02-15T02:44:32.606818,GOOG,186.83,188.15,186.11,186.87,12714154,2025-02-14,187.88,-1.01,-0.5376%
2025-02-15T02:44:32.719260,NVDA,136.48,139.25,135.5,138.85,193907529,2025-02-14,135.29,3.56,2.6314%
2025-02-15T02:44:32.828742,IBM,259.0,261.94,257.91,261.28,3925277,2025-02-14,259.19,2.09,0.8064%
2025-02-15T02:44:32.922584,TSLA,360.62,362.0,347.5,355.84,67747566,2025-02-14,355.94,-0.1,-0.0281%
2025-02-15T02:44:32.979609,AMZN,229.2,229.89,227.23,228.68,27031084,2025-02-14,230.37,-1.69,-0.7336%
2025-02-15T02:44:33.036887,META,726.14,740.91,725.62,736.67,16809437,2025-02-14,728.56,8.11,1.1132%
2025-02-15T02:44:33.151094,ORCL,174.25,175.03,172.8128,174.16,6820634,2025-02-14,173.86,0.3,0.1726%
2025-02-15T02:44:33.213903,KO,69.365,70.03,68.76,68.87,20779090,2025-02-14,69.5,-0.63,-0.9065%
2025-02-15T03:19:53.431457,AAPL,241.25,245.55,240.99,244.6,40896227,2025-02-14,241.53,3.07,1.2711%
2025-02-15T03:19:53.566974,MSFT,407.79,408.91,405.88,408.43,22758464,2025-02-14,410.54,-2.11,-0.5140%
2025-02-15T03:19:53.700845,GOOG,186.83,188.15,186.11,186.87,12714154,2025-02-14,187.88,-1.01,-0.5376%
2025-02-15T03:19:54.004970,NVDA,136.48,139.25,135.5,138.85,193907529,2025-02-14,135.29,3.56,2.6314%
2025-02-15T03:19:54.284019,IBM,259.0,261.94,257.91,261.28,3925277,2025-02-14,259.19,2.09,0.8064%
2025-02-15T03:19:54.419894,TSLA,360.62,362.0,347.5,355.84,67747566,2025-02-14,355.94,-0.1,-0.0281%
2025-02-15T03:19:54.555291,AMZN,229.2,229.89,227.23,228.68,27031084,2025-02-14,230.37,-1.69,-0.7336%
2025-02-15T03:19:54.840025,META,726.14,740.91,725.62,736.67,16809437,2025-02-14,728.56,8.11,1.1132%
2025-02-15T03:19:54.977568,ORCL,174.25,175.03,172.8128,174.16,6820634,2025-02-14,173.86,0.3,0.1726%
2025-02-15T03:19:55.118162,KO,69.365,70.03,68.76,68.87,20779090,2025-02-14,69.5,-0.63,-0.9065%
2025-02-15T04:20:59.021712,AAPL,241.25,245.55,240.99,244.6,40896227,2025-02-14,241.53,3.07,1.2711%
2025-02-15T04:20:59.140508,MSFT,407.79,408.91,405.88,408.43,22758464,2025-02-14,410.54,-2.11,-0.5140%
2025-02-15T04:20:59.248055,GOOG,186.83,188.15,186.11,186.87,12714154,2025-02-14,187.88,-1.01,-0.5376%
2025-02-15T04:20:59.381825,NVDA,136.48,139.25,135.5,138.85,193907529,2025-02-14,135.29,3.56,2.6314%
2025-02-15T04:20:59.512324,IBM,259.0,261.94,257.91,261.28,3925277,2025-02-14,259.19,2.09,0.8064%
2025-02-15T04:20:59.631967,TSLA,360.62,362.0,347.5,355.84,67747566,2025-02-14,355.94,-0.1,-0.0281%
2025-02-15T04:20:59.736019,AMZN,229.2,229.89,227.23,228.68,27031084,2025-02-14,230.37,-1.69,-0.7336%
2025-02-15T04:20:59.847816,META,726.14,740.91,725.62,736.67,16809437,2025-02-14,728.56,8.11,1.1132%
2025-02-15T04:20:59.966573,ORCL,174.25,175.03,172.8128,174.16,6820634,2025-02-14,173.86,0.3,0.1726%
2025-02-15T04:21:00.136578,KO,69.365,70.03,68.76,68.87,20779090,2025-02-14,69.5,-0.63,-0.9065%
2025-02-15T05:16:21.664045,AAPL,241.25,245.55,240.99,244.6,40896227,2025-02-14,241.53,3.07,1.2711%
2025-02-15T05:16:21.792681,MSFT,407.79,408.91,405.88,408.43,22758464,2025-02-14,410.54,-2.11,-0.5140%
2025-02-15T05:16:22.080479,GOOG,186.83,188.15,186.11,186.87,12714154,2025-02-14,187.88,-1.01,-0.5376%
2025-02-15T05:16:22.378662,NVDA,136.48,139.25,135.5,138.85,193907529,2025-02-14,135.29,3.56,2.6314%
2025-02-15T05:16:22.509410,IBM,259.0,261.94,257.91,261.28,3925277,2025-02-14,259.19,2.09,0.8064%
2025-02-15T05:16:22.801202,TSLA,360.62,362.0,347.5,355.84,67747566,2025-02-14,355.94,-0.1,-0.0281%
2025-02-15T05:16:23.083642,AMZN,229.2,229.89,227.23,228.68,27031084,2025-02-14,230.37,-1.69,-0.7336%
2025-02-15T05:16:23.271365,META,726.14,740.91,725.62,736.67,16809437,2025-02-14,728.56,8.11,1.1132%
2025-02-15T05:16:23.422191,ORCL,174.25,175.03,172.8128,174.16,6820634,2025-02-14,173.86,0.3,0.1726%
2025-02-15T05:16:23.563632,KO,69.365,70.03,68.76,68.87,20779090,2025-02-14,69.5,-0.63,-0.9065%
2025-02-15T06:23:01.696349,AAPL,241.25,245.55,240.99,244.6,40896227,2025-02-14,241.53,3.07,1.2711%
2025-02-15T06:23:01.928190,MSFT,407.79,408.91,405.88,408.43,22758464,2025-02-14,410.54,-2.11,-0.5140%
2025-02-15T06:23:01.991898,GOOG,186.83,188.15,186.11,186.87,12714154,2025-02-14,187.88,-1.01,-0.5376%
2025-02-15T06:23:02.387088,NVDA,136.48,139.25,135.5,138.85,193907529,2025-02-14,135.29,3.56,2.6314%
2025-02-15T06:23:02.969671,IBM,259.0,261.94,257.91,261.28,3925277,2025-02-14,259.19,2.09,0.8064%
2025-02-15T06:23:03.041258,TSLA,360.62,362.0,347.5,355.84,67747566,2025-02-14,355.94,-0.1,-0.0281%
2025-02-15T06:23:03.094949,AMZN,229.2,229.89,227.23,228.68,27031084,2025-02-14,230.37,-1.69,-0.7336%
2025-02-15T06:23:03.506810,META,726.14,740.91,725.62,736.67,16809437,2025-02-14,728.56,8.11,1.1132%
2025-02-15T06:23:03.569541,ORCL,174.25,175.03,172.8128,174.16,6820634,2025-02-14,173.86,0.3,0.1726%
2025-02-15T06:23:03.707850,KO,69.365,70.03,68.76,68.87,20779090,2025-02-14,69.5,-0.63,-0.9065%
2025-02-15T07:14:11.125110,AAPL,241.25,245.55,240.99,244.6,40896227,2025-02-14,241.53,3.07,1.2711%
2025-02-15T07:14:11.186056,MSFT,407.79,408.91,405.88,408.43,22758464,2025-02-14,410.54,-2.11,-0.5140%
2025-02-15T07:14:11.253362,GOOG,186.83,188.15,186.11,186.87,12714154,2025-02-14,187.88,-1.01,-0.5376%
2025-02-15T07:14:11.312669,NVDA,136.48,139.25,135.5,138.85,193907529,2025-02-14,135.29,3.56,2.6314%
2025-02-15T07:14:11.368209,IBM,259.0,261.94,257.91,261.28,3925277,2025-02-14,259.19,2.09,0.8064%
2025-02-15T07:14:11.535727,TSLA,360.62,362.0,347.5,355.84,67747566,2025-02-14,355.94,-0.1,-0.0281%
2025-02-15T07:14:11.641750,AMZN,229.2,229.89,227.23,228.68,27031084,2025-02-14,230.37,-1.69,-0.7336%
2025-02-15T07:14:11.703052,META,726.14,740.91,725.62,736.67,16809437,2025-02-14,728.56,8.11,1.1132%
2025-02-15T07:14:11.808983,ORCL,174.25,175.03,172.8128,174.16,6820634,2025-02-14,173.86,0.3,0.1726%
2025-02-15T07:14:11.866853,KO,69.365,70.03,68.76,68.87,20779090,2025-02-14,69.5,-0.63,-0.9065%
2025-02-15T08:19:48.994592,AAPL,241.25,245.55,240.99,244.6,40896227,2025-02-14,241.53,3.07,1.2711%
2025-02-15T08:19:49.134809,MSFT,407.79,408.91,405.88,408.43,22758464,2025-02-14,410.54,-2.11,-0.5140%
2025-02-15T08:19:49.407167,GOOG,186.83,188.15,186.11,186.87,12714154,2025-02-14,187.88,-1.01,-0.5376%
2025-02-15T08:19:49.550438,NVDA,136.48,139.25,135.5,138.85,193907529,2025-02-14,135.29,3.56,2.6314%
2025-02-15T08:19:49.838312,IBM,259.0,261.94,257.91,261.28,3925277,2025-02-14,259.19,2.09,0.8064%
2025-02-15T08:19:50.103736,TSLA,360.62,362.0,347.5,355.84,67747566,2025-02-14,355.94,-0.1,-0.0281%
2025-02-15T08:19:50.231006,AMZN,229.2,229.89,227.23,228.68,27031084,2025-02-14,230.37,-1.69,-0.7336%
2025-02-15T08:19:50.516418,META,726.14,740.91,725.62,736.67,16809437,2025-02-14,728.56,8.11,1.1132%
2025-02-15T08:19:50.799779,ORCL,174.25,175.03,172.8128,174.16,6820634,2025-02-14,173.86,0.3,0.1726%
2025-02-15T08:19:51.082741,KO,69.365,70.03,68.76,68.87,20779090,2025-02-14,69.5,-0.63,-0.9065%
2025-02-15T09:17:22.126467,AAPL,241.25,245.55,240.99,244.6,40896227,2025-02-14,241.53,3.07,1.2711%
2025-02-15T09:17:22.179052,MSFT,407.79,408.91,405.88,408.43,22758464,2025-02-14,410.54,-2.11,-0.5140%
2025-02-15T09:17:22.211146,GOOG,186.83,188.15,186.11,186.87,12714154,2025-02-14,187.88,-1.01,-0.5376%
2025-02-15T09:17:22.246987,NVDA,136.48,139.25,135.5,138.85,193907529,2025-02-14,135.29,3.56,2.6314%
2025-02-15T09:17:22.285736,IBM,259.0,261.94,257.91,261.28,3925277,2025-02-14,259.19,2.09,0.8064%
2025-02-15T09:17:22.324314,TSLA,360.62,362.0,347.5,355.84,67747566,2025-02-14,355.94,-0.1,-0.0281%
2025-02-15T09:17:22.381257,AMZN,229.2,229.89,227.23,228.68,27031084,2025-02-14,230.37,-1.69,-0.7336%
2025-02-15T09:17:22.428329,META,726.14,740.91,725.62,736.67,16809437,2025-02-14,728.56,8.11,1.1132%
2025-02-15T09:17:22.465467,ORCL,174.25,175.03,172.8128,174.16,6820634,2025-02-14,173.86,0.3,0.1726%
2025-02-15T09:17:22.506511,KO,69.365,70.03,68.76,68.87,20779090,2025-02-14,69.5,-0.63,-0.9065%
2025-02-15T10:15:53.760381,AAPL,241.25,245.55,240.99,244.6,40896227,2025-02-14,241.53,3.07,1.2711%
2025-02-15T10:15:53.861088,MSFT,407.79,408.91,405.88,408.43,22758464,2025-02-14,410.54,-2.11,-0.5140%
2025-02-15T10:15:53.962916,GOOG,186.83,188.15,186.11,186.87,12714154,2025-02-14,187.88,-1.01,-0.5376%
2025-02-15T10:15:54.063202,NVDA,136.48,139.25,135.5,138.85,193907529,2025-02-14,135.29,3.56,2.6314%
2025-02-15T10:15:54.163399,IBM,259.0,261.94,257.91,261.28,3925277,2025-02-14,259.19,2.09,0.8064%
2025-02-15T10:15:54.263633,TSLA,360.62,362.0,347.5,355.84,67747566,2025-02-14,355.94,-0.1,-0.0281%
2025-02-15T10:15:54.363783,AMZN,229.2,229.89,227.23,228.68,27031084,2025-02-14,230.37,-1.69,-0.7336%
2025-02-15T10:15:54.464578,META,726.14,740.91,725.62,736.67,16809437,2025-02-14,728.56,8.11,1.1132%
2025-02-15T10:15:54.696030,ORCL,174.25,175.03,172.8128,174.16,6820634,2025-02-14,173.86,0.3,0.1726%
2025-02-15T10:15:54.796453,KO,69.365,70.03,68.76,68.87,20779090,2025-02-14,69.5,-0.63,-0.9065%
2025-02-15T11:12:25.694648,AAPL,241.25,245.55,240.99,244.6,40896227,2025-02-14,241.53,3.07,1.2711%
2025-02-15T11:12:25.754409,MSFT,407.79,408.91,405.88,408.43,22758464,2025-02-14,410.54,-2.11,-0.5140%
2025-02-15T11:12:25.799894,GOOG,186.83,188.15,186.11,186.87,12714154,2025-02-14,187.88,-1.01,-0.5376%
2025-02-15T11:12:25.862052,NVDA,136.48,139.25,135.5,138.85,195479557,2025-02-14,135.29,3.56,2.6314%
2025-02-15T11:12:25.925544,IBM,259.0,261.94,257.91,261.28,3925277,2025-02-14,259.19,2.09,0.8064%
2025-02-15T11:12:25.984671,TSLA,360.62,362.0,347.5,355.84,68277279,2025-02-14,355.94,-0.1,-0.0281%
2025-02-15T11:12:26.035983,AMZN,229.2,229.89,227.23,228.68,27031084,2025-02-14,230.37,-1.69,-0.7336%
2025-02-15T11:12:26.082918,META,726.14,740.91,725.62,736.67,16901249,2025-02-14,728.56,8.11,1.1132%
2025-02-15T11:12:26.134777,ORCL,174.25,175.03,172.8128,174.16,7260851,2025-02-14,173.86,0.3,0.1726%
2025-02-15T11:12:26.191752,KO,69.365,70.03,68.76,68.87,20779090,2025-02-14,69.5,-0.63,-0.9065%
2025-02-15T12:30:43.248903,AAPL,241.25,245.55,240.99,244.6,40896227,2025-02-14,241.53,3.07,1.2711%
2025-02-15T12:30:43.472599,MSFT,407.79,408.91,405.88,408.43,22758464,2025-02-14,410.54,-2.11,-0.5140%
2025-02-15T12:30:43.573779,GOOG,186.83,188.15,186.11,186.87,12714154,2025-02-14,187.88,-1.01,-0.5376%
2025-02-15T12:30:43.674223,NVDA,136.48,139.25,135.5,138.85,195479557,2025-02-14,135.29,3.56,2.6314%
2025-02-15T12:30:43.784619,IBM,259.0,261.94,257.91,261.28,3925277,2025-02-14,259.19,2.09,0.8064%
2025-02-15T12:30:43.885333,TSLA,360.62,362.0,347.5,355.84,68277279,2025-02-14,355.94,-0.1,-0.0281%
2025-02-15T12:30:43.995912,AMZN,229.2,229.89,227.23,228.68,27031084,2025-02-14,230.37,-1.69,-0.7336%
2025-02-15T12:30:44.219146,META,726.14,740.91,725.62,736.67,16901249,2025-02-14,728.56,8.11,1.1132%
2025-02-15T12:30:44.451286,ORCL,174.25,175.03,172.8128,174.16,7260851,2025-02-14,173.86,0.3,0.1726%
2025-02-15T12:30:44.562819,KO,69.365,70.03,68.76,68.87,20779090,2025-02-14,69.5,-0.63,-0.9065%
2025-02-15T13:17:24.012721,AAPL,241.25,245.55,240.99,244.6,40896227,2025-02-14,241.53,3.07,1.2711%
2025-02-15T13:17:24.072922,MSFT,407.79,408.91,405.88,408.43,22758464,2025-02-14,410.54,-2.11,-0.5140%
2025-02-15T13:17:24.139621,GOOG,186.83,188.15,186.11,186.87,12714154,2025-02-14,187.88,-1.01,-0.5376%
2025-02-15T13:17:24.210001,NVDA,136.48,139.25,135.5,138.85,195479557,2025-02-14,135.29,3.56,2.6314%
2025-02-15T13:17:24.267549,IBM,259.0,261.94,257.91,261.28,3925277,2025-02-14,259.19,2.09,0.8064%
2025-02-15T13:17:24.331910,TSLA,360.62,362.0,347.5,355.84,68277279,2025-02-14,355.94,-0.1,-0.0281%
2025-02-15T13:17:24.401657,AMZN,229.2,229.89,227.23,228.68,27031084,2025-02-14,230.37,-1.69,-0.7336%
2025-02-15T13:17:24.470552,META,726.14,740.91,725.62,736.67,16901249,2025-02-14,728.56,8.11,1.1132%
2025-02-15T13:17:24.536788,ORCL,174.25,175.03,172.8128,174.16,7260851,2025-02-14,173.86,0.3,0.1726%
2025-02-15T13:17:24.703108,KO,69.365,70.03,68.76,68.87,20779090,2025-02-14,69.5,-0.63,-0.9065%
2025-02-15T14:13:40.124447,AAPL,241.25,245.55,240.99,244.6,40896227,2025-02-14,241.53,3.07,1.2711%
2025-02-15T14:13:40.420511,MSFT,407.79,408.91,405.88,408.43,22758464,2025-02-14,410.54,-2.11,-0.5140%
2025-02-15T14:13:40.541009,GOOG,186.83,188.15,186.11,186.87,12714154,2025-02-14,187.88,-1.01,-0.5376%
2025-02-15T14:13:40.648772,NVDA,136.48,139.25,135.5,138.85,195479557,2025-02-14,135.29,3.56,2.6314%
2025-02-15T14:13:40.901844,IBM,259.0,261.94,257.91,261.28,3925277,2025-02-14,259.19,2.09,0.8064%
2025-02-15T14:13:41.026216,TSLA,360.62,362.0,347.5,355.84,68277279,2025-02-14,355.94,-0.1,-0.0281%
2025-02-15T14:13:41.141221,AMZN,229.2,229.89,227.23,228.68,27031084,2025-02-14,230.37,-1.69,-0.7336%
2025-02-15T14:13:41.243912,META,726.14,740.91,725.62,736.67,16901249,2025-02-14,728.56,8.11,1.1132%
2025-02-15T14:13:41.350084,ORCL,174.25,175.03,172.8128,174.16,7260851,2025-02-14,173.86,0.3,0.1726%
2025-02-15T14:13:41.460445,KO,69.365,70.03,68.76,68.87,20779090,2025-02-14,69.5,-0.63,-0.9065%
2025-02-15T15:16:30.524616,AAPL,241.25,245.55,240.99,244.6,40896227,2025-02-14,241.53,3.07,1.2711%
2025-02-15T15:16:30.592574,MSFT,407.79,408.91,405.88,408.43,22758464,2025-02-14,410.54,-2.11,-0.5140%
2025-02-15T15:16:30.649844,GOOG,186.83,188.15,186.11,186.87,12714154,2025-02-14,187.88,-1.01,-0.5376%
2025-02-15T15:16:30.714812,NVDA,136.48,139.25,135.5,138.85,195479557,2025-02-14,135.29,3.56,2.6314%
2025-02-15T15:16:30.816717,IBM,259.0,261.94,257.91,261.28,3925277,2025-02-14,259.19,2.09,0.8064%
2025-02-15T15:16:30.872072,TSLA,360.62,362.0,347.5,355.84,68277279,2025-02-14,355.94,-0.1,-0.0281%
2025-02-15T15:16:30.933776,AMZN,229.2,229.89,227.23,228.68,27031084,2025-02-14,230.37,-1.69,-0.7336%
2025-02-15T15:16:30.983621,META,726.14,740.91,725.62,736.67,16901249,2025-02-14,728.56,8.11,1.1132%
2025-02-15T15:16:31.045154,ORCL,174.25,175.03,172.8128,174.16,7260851,2025-02-14,173.86,0.3,0.1726%
2025-02-15T15:16:31.112677,KO,69.365,70.03,68.76,68.87,20779090,2025-02-14,69.5,-0.63,-0.9065%
2025-02-15T16:18:34.304780,AAPL,241.25,245.55,240.99,244.6,40896227,2025-02-14,241.53,3.07,1.2711%
2025-02-15T16:18:34.364416,MSFT,407.79,408.91,405.88,408.43,22758464,2025-02-14,410.54,-2.11,-0.5140%
2025-02-15T16:18:34.438381,GOOG,186.83,188.15,186.11,186.87,12714154,2025-02-14,187.88,-1.01,-0.5376%
2025-02-15T16:18:34.503565,NVDA,136.48,139.25,135.5,138.85,195479557,2025-02-14,135.29,3.56,2.6314%
2025-02-15T16:18:34.556462,IBM,259.0,261.94,257.91,261.28,3925277,2025-02-14,259.19,2.09,0.8064%
2025-02-15T16:18:34.614761,TSLA,360.62,362.0,347.5,355.84,68277279,2025-02-14,355.94,-0.1,-0.0281%
2025-02-15T16:18:34.666696,AMZN,229.2,229.89,227.23,228.68,27031084,2025-02-14,230.37,-1.69,-0.7336%
2025-02-15T16:18:34.724595,META,726.14,740.91,725.62,736.67,16901249,2025-02-14,728.56,8.11,1.1132%
2025-02-15T16:18:34.791129,ORCL,174.25,175.03,172.8128,174.16,7260851,2025-02-14,173.86,0.3,0.1726%
2025-02-15T16:18:34.845125,KO,69.365,70.03,68.76,68.87,20779090,2025-02-14,69.5,-0.63,-0.9065%
2025-02-15T17:13:56.040129,AAPL,241.25,245.55,240.99,244.6,40896227,2025-02-14,241.53,3.07,1.2711%
2025-02-15T17:13:56.327103,MSFT,407.79,408.91,405.88,408.43,22758464,2025-02-14,410.54,-2.11,-0.5140%
2025-02-15T17:13:56.428766,GOOG,186.83,188.15,186.11,186.87,12714154,2025-02-14,187.88,-1.01,-0.5376%
2025-02-15T17:13:56.665293,NVDA,136.48,139.25,135.5,138.85,195479557,2025-02-14,135.29,3.56,2.6314%
2025-02-15T17:13:56.763133,IBM,259.0,261.94,257.91,261.28,3925277,2025-02-14,259.19,2.09,0.8064%
2025-02-15T17:13:57.005759,TSLA,360.62,362.0,347.5,355.84,68277279,2025-02-14,355.94,-0.1,-0.0281%
2025-02-15T17:13:57.113046,AMZN,229.2,229.89,227.23,228.68,27031084,2025-02-14,230.37,-1.69,-0.7336%
2025-02-15T17:13:57.344675,META,726.14,740.91,725.62,736.67,16901249,2025-02-14,728.56,8.11,1.1132%
2025-02-15T17:13:57.446302,ORCL,174.25,175.03,172.8128,174.16,7260851,2025-02-14,173.86,0.3,0.1726%
2025-02-15T17:13:57.547013,KO,69.365,70.03,68.76,68.87,20779090,2025-02-14,69.5,-0.63,-0.9065%
2025-02-15T18:20:36.156332,AAPL,241.25,245.55,240.99,244.6,40896227,2025-02-14,241.53,3.07,1.2711%
2025-02-15T18:20:36.255437,MSFT,407.79,408.91,405.88,408.43,22758464,2025-02-14,410.54,-2.11,-0.5140%
2025-02-15T18:20:36.304400,GOOG,186.83,188.15,186.11,186.87,12714154,2025-02-14,187.88,-1.01,-0.5376%
2025-02-15T18:20:36.357484,NVDA,136.48,139.25,135.5,138.85,195479557,2025-02-14,135.29,3.56,2.6314%
2025-02-15T18:20:36.408354,IBM,259.0,261.94,257.91,261.28,3925277,2025-02-14,259.19,2.09,0.8064%
2025-02-15T18:20:36.447952,TSLA,360.62,362.0,347.5,355.84,68277279,2025-02-14,355.94,-0.1,-0.0281%
2025-02-15T18:20:36.544373,AMZN,229.2,229.89,227.23,228.68,27031084,2025-02-14,230.37,-1.69,-0.7336%
2025-02-15T18:20:36.618099,META,726.14,740.91,725.62,736.67,16901249,2025-02-14,728.56,8.11,1.1132%
2025-02-15T18:20:36.668795,ORCL,174.25,175.03,172.8128,174.16,7260851,2025-02-14,173.86,0.3,0.1726%
2025-02-15T18:20:36.722333,KO,69.365,70.03,68.76,68.87,20779090,2025-02-14,69.5,-0.63,-0.9065%
2025-02-15T19:12:56.683414,AAPL,241.25,245.55,240.99,244.6,40896227,2025-02-14,241.53,3.07,1.2711%
2025-02-15T19:12:56.798411,MSFT,407.79,408.91,405.88,408.43,22758464,2025-02-14,410.54,-2.11,-0.5140%
2025-02-15T19:12:56.858631,GOOG,186.83,188.15,186.11,186.87,12714154,2025-02-14,187.88,-1.01,-0.5376%
2025-02-15T19:12:56.928247,NVDA,136.48,139.25,135.5,138.85,195479557,2025-02-14,135.29,3.56,2.6314%
2025-02-15T19:12:56.984784,IBM,259.0,261.94,257.91,261.28,3925277,2025-02-14,259.19,2.09,0.8064%
2025-02-15T19:12:57.044015,TSLA,360.62,362.0,347.5,355.84,68277279,2025-02-14,355.94,-0.1,-0.0281%
2025-02-15T19:12:57.099827,AMZN,229.2,229.89,227.23,228.68,27031084,2025-02-14,230.37,-1.69,-0.7336%
2025-02-15T19:12:57.171826,META,726.14,740.91,725.62,736.67,16901249,2025-02-14,728.56,8.11,1.1132%
2025-02-15T19:12:57.224470,ORCL,174.25,175.03,172.8128,174.16,7260851,2025-02-14,173.86,0.3,0.1726%
2025-02-15T19:12:57.277734,KO,69.365,70.03,68.76,68.87,20779090,2025-02-14,69.5,-0.63,-0.9065%
2025-02-15T20:16:33.135968,AAPL,241.25,245.55,240.99,244.6,40896227,2025-02-14,241.53,3.07,1.2711%
2025-02-15T20:16:33.181589,MSFT,407.79,408.91,405.88,408.43,22758464,2025-02-14,410.54,-2.11,-0.5140%
2025-02-15T20:16:33.216583,GOOG,186.83,188.15,186.11,186.87,12714154,2025-02-14,187.88,-1.01,-0.5376%
2025-02-15T20:16:33.257280,NVDA,136.48,139.25,135.5,138.85,195479557,2025-02-14,135.29,3.56,2.6314%
2025-02-15T20:16:33.299266,IBM,259.0,261.94,257.91,261.28,3925277,2025-02-14,259.19,2.09,0.8064%
2025-02-15T20:16:33.338769,TSLA,360.62,362.0,347.5,355.84,68277279,2025-02-14,355.94,-0.1,-0.0281%
2025-02-15T20:16:33.380784,AMZN,229.2,229.89,227.23,228.68,27031084,2025-02-14,230.37,-1.69,-0.7336%
2025-02-15T20:16:33.472242,META,726.14,740.91,725.62,736.67,16901249,2025-02-14,728.56,8.11,1.1132%
2025-02-15T20:16:33.524258,ORCL,174.25,175.03,172.8128,174.16,7260851,2025-02-14,173.86,0.3,0.1726%
2025-02-15T20:16:33.569736,KO,69.365,70.03,68.76,68.87,20779090,2025-02-14,69.5,-0.63,-0.9065%
2025-02-15T21:15:18.795571,AAPL,241.25,245.55,240.99,244.6,40896227,2025-02-14,241.53,3.07,1.2711%
2025-02-15T21:15:19.026574,MSFT,407.79,408.91,405.88,408.43,22758464,2025-02-14,410.54,-2.11,-0.5140%
2025-02-15T21:15:19.125522,GOOG,186.83,188.15,186.11,186.87,12714154,2025-02-14,187.88,-1.01,-0.5376%
2025-02-15T21:15:19.361423,NVDA,136.48,139.25,135.5,138.85,195479557,2025-02-14,135.29,3.56,2.6314%
2025-02-15T21:15:19.586645,IBM,259.0,261.94,257.91,261.28,3925277,2025-02-14,259.19,2.09,0.8064%
2025-02-15T21:15:19.804910,TSLA,360.62,362.0,347.5,355.84,68277279,2025-02-14,355.94,-0.1,-0.0281%
2025-02-15T21:15:20.032757,AMZN,229.2,229.89,227.23,228.68,27031084,2025-02-14,230.37,-1.69,-0.7336%
2025-02-15T21:15:20.284889,META,726.14,740.91,725.62,736.67,16901249,2025-02-14,728.56,8.11,1.1132%
2025-02-15T21:15:20.386094,ORCL,174.25,175.03,172.8128,174.16,7260851,2025-02-14,173.86,0.3,0.1726%
2025-02-15T21:15:20.614539,KO,69.365,70.03,68.76,68.87,20779090,2025-02-14,69.5,-0.63,-0.9065%
2025-02-15T22:15:49.884863,AAPL,241.25,245.55,240.99,244.6,40896227,2025-02-14,241.53,3.07,1.2711%
2025-02-15T22:15:49.942813,MSFT,407.79,408.91,405.88,408.43,22758464,2025-02-14,410.54,-2.11,-0.5140%
2025-02-15T22:15:50.000473,GOOG,186.83,188.15,186.11,186.87,12714154,2025-02-14,187.88,-1.01,-0.5376%
2025-02-15T22:15:50.075163,NVDA,136.48,139.25,135.5,138.85,195479557,2025-02-14,135.29,3.56,2.6314%
2025-02-15T22:15:50.148844,IBM,259.0,261.94,257.91,261.28,3925277,2025-02-14,259.19,2.09,0.8064%
2025-02-15T22:15:50.207016,TSLA,360.62,362.0,347.5,355.84,68277279,2025-02-14,355.94,-0.1,-0.0281%
2025-02-15T22:15:50.275191,AMZN,229.2,229.89,227.23,228.68,27031084,2025-02-14,230.37,-1.69,-0.7336%
2025-02-15T22:15:50.335470,META,726.14,740.91,725.62,736.67,16901249,2025-02-14,728.56,8.11,1.1132%
2025-02-15T22:15:50.390093,ORCL,174.25,175.03,172.8128,174.16,7260851,2025-02-14,173.86,0.3,0.1726%
2025-02-15T22:15:50.504276,KO,69.365,70.03,68.76,68.87,20779090,2025-02-14,69.5,-0.63,-0.9065%
2025-02-15T23:15:06.958644,AAPL,241.25,245.55,240.99,244.6,40896227,2025-02-14,241.53,3.07,1.2711%
2025-02-15T23:15:07.010759,MSFT,407.79,408.91,405.88,408.43,22758464,2025-02-14,410.54,-2.11,-0.5140%
2025-02-15T23:15:07.058830,GOOG,186.83,188.15,186.11,186.87,12714154,2025-02-14,187.88,-1.01,-0.5376%
2025-02-15T23:15:07.117332,NVDA,136.48,139.25,135.5,138.85,195479557,2025-02-14,135.29,3.56,2.6314%
2025-02-15T23:15:07.170760,IBM,259.0,261.94,257.91,261.28,3925277,2025-02-14,259.19,2.09,0.8064%
2025-02-15T23:15:07.240755,TSLA,360.62,362.0,347.5,355.84,68277279,2025-02-14,355.94,-0.1,-0.0281%
2025-02-15T23:15:07.301656,AMZN,229.2,229.89,227.23,228.68,27031084,2025-02-14,230.37,-1.69,-0.7336%
2025-02-15T23:15:07.368172,META,726.14,740.91,725.62,736.67,16901249,2025-02-14,728.56,8.11,1.1132%
2025-02-15T23:15:07.477761,ORCL,174.25,175.03,172.8128,174.16,7260851,2025-02-14,173.86,0.3,0.1726%
2025-02-15T23:15:07.528050,KO,69.365,70.03,68.76,68.87,20779090,2025-02-14,69.5,-0.63,-0.9065%
